S/N,Job Title,Job Description,Agency,Department
1,"[LTA-TRO] MANAGER, ENFORCEMENT LOGISTICS","</strong></p>MANAGER, ENFORCEMENT LOGISTICS<p></p><p><strong> </strong></p><ul><li>Strong interpersonal and communication skills with the ability to interact well with all levels of staff.</li><li>Able to work independently and is a good team player.</li><li>Detail-oriented, resourceful, and analytical, with strong problem-solving abilities and experience in project and contract management. Highly self-motivated.</li><li>Proficient in Microsoft office applications and has a flair for numbers.</li><li>Have at least 7 years&#39; experience in operational and government procurement-related work.</li></ul><p></p><p><span>As part of the shortlisting process for the role, you may be required to complete a medical declaration and / or undergo further assessment.</span></p> </strong></p><p>We are seeking a dynamic and motivated individual with strong operational and contract management skills to join the Enforcement Engagement &amp; Training Division (EFET). EFET plays a key role in supporting the divisions’ operations under the Enforcement Subgroup in engagement, logistics, training, staff development, and tactical enforcement. This role is to lead the Logistics and Pound Operations sections and responsibilities include:</p><p></p><ul><li>Oversee logistics teams supporting enforcement operations including equipment, uniform and fleet management, and pound and towing operations.</li><li>Collaborate with internal divisions to identify procurement needs, develop sourcing plans, and ensure alignment with project objectives and timelines.</li><li>Lead and manage end-to-end procurement processes, including the preparation of tender documents, evaluation of bids, and recommendation of awards.</li><li>Guide and oversee on contract management, ensure vendor performance, and contract adherence to agreed terms.</li><li>Track and coordinate on the Enforcement Subgroup’s budget utilisation reports.</li><li>Maintain accurate procurement records and support audit activities by ensuring documentation is comprehensive and up to date.</li><li>Review and implement improvements to operational workflows to enhance efficiency.</li></ul><p></p><p>As part of the portfolio, you will be required to work closely with multiple stakeholders across departments, requiring strong interpersonal skills, attention to detail, and a solid understanding of public procurement frameworks.</p><p></p><p><strong>",Land Transport Authority,Training and Development
2,"[LTA-PT] MANAGER, BUS EXCELLENCE","</strong></p>Manager, Bus Excellence<p></p><p><strong> </strong></p><ul><li><p>Knowledge in Engineering (Electrical, Electronic, Mechanical, or equivalent).<br /> </p></li><li><p>Minimum 8 years of relevant experience in automotive technology or related fields, including customer engagement and project management.<br /> </p></li><li><p>Familiarity with bus technologies, including electric/cleaner energy vehicles, and fleet operations is a plus.<br /> </p></li><li><p>Strong communication, stakeholder management, and interpersonal skills.<br /> </p></li><li><p>Experience in public transport and data analytics is advantageous.<br /> </p></li><li><p>Analytical, detail-oriented, proactive, and able to manage multiple projects.<br /> </p></li><li><p>Passionate about public transport improvement and sustainability.<br /> </p></li><li><p>Candidates without direct experience but with relevant skills and motivation are welcome to apply.</p></li></ul><p></p><p><span>As part of the shortlisting process for the role, you may be required to complete a medical declaration and / or undergo further assessment.</span></p> </strong></p><p>Join the Bus Excellence team to lead initiatives that enhance the bus commuting experience through public engagement, technology trials, and safety improvements. You will focus on understanding commuter and operational needs, testing new bus technologies, and ensuring smooth integration with emerging infrastructure.</p><p></p><p>Your core responsibilities will include:<br /> </p><p>1. Lead public feedback and engagement sessions with commuters and bus operators to gather insights for bus design improvements.</p><p></p><p>2. Plan, manage and oversee bus platform trials including electric/cleaner energy buses, and retrofitted buses designed for inclusivity, to evaluate their operational effectiveness and commuter experience.</p><p></p><p>3. Drive bus safety initiatives, ensure compliance with standards, and lead related investigations and improvements.</p><p></p><p>4. Facilitate interoperability between existing fleets and new charging infrastructure to ensure smooth bus operations.</p><p></p><p><strong>",Land Transport Authority,Others
3,"[LTA-PT] SENIOR MANAGER, DRIVER DEVELOPMENT & ENGAGEMENT","</strong></p>Senior Manager, Driver Development &amp; Engagement<p></p><p><strong> </strong></p><p>- At least 10 years of working experience, preferably in operations and project<br />management</p><p>- Knowledge or experience in leading teams, change management and strategic<br />thinking will be an advantage</p><p>- Highly adaptable team player who is able to work independently and multi-task<br />in a dynamic and fast environment</p><p>- Self-motivated, astute, meticulous and resourceful to produce innovative<br />solutions to address a range of policy and operational matters</p><p>- Proficiency in digitalisation tools (e.g Python, UiPath, RPA) will have added advantage</p><p></p><p>As part of the shortlisting process for the role, you may be required to complete a medical declaration and / or undergo further assessment.</p> </strong></p><p><span>You will be in the team that oversees the development and management of taxi, private hire cars, public and private hire bus drivers.<br /><br />You will play a vital role in developing new Vocational Licence (VL) policy measures, managing VL training and testing operations, oversee the operation in handling feedbacks and appeal cases, and implementing initiatives to improve customer experience and digital services adoption rate. You will also oversee bi-annual Service Awards events for the Public Transport Group which aim to recognise individuals and teams for good customer service projects and behaviour.<br /><br />In addition, you will be required to develop competency of your officers as well as to plan and execute contingency plans to ensure operational continuity. <span>You will need to drive digitalisation and AI initiatives to improve the productivity of your officers and improve work processes.</span><br /><br /></span></p><p></p><p><strong>",Land Transport Authority,Others
4,[LTA-ITCD] LEAD / PRINCIPAL / SENIOR SOFTWARE ENGINEER,"</strong></p>LEAD / PRINCIPAL / SENIOR SOFTWARE ENGINEER<p></p><p><strong> </strong></p><p><span>• Knowledge in Computer Science, Software Engineering, or a related field. </span></p><p><span>• At least 5 or more years of extensive experience in software development and cloud-native application design. </span></p><p><span>• Strong leadership skills with experience mentoring engineering teams. </span></p><p><span>• Proficiency in DevOps tools, CI/CD pipelines, and Infrastructure as Code (Terraform, CloudFormation). </span></p><p><span>• Knowledge of cloud security standards and best practices. </span></p><p><span>• Excellent problem-solving skills and ability to drive technical decision-making.</span><br /><br /><span>As part of the shortlisting process for the role, you may be required to complete a medical declaration and / or undergo further assessment.</span></p> </strong></p><p>You will be responsible for designing, developing, and optimizing cloud-based software solutions while leading a team of engineers. You will provide technical leadership in cloud-native application development, DevOps, and automation. You will design and develop scalable, resilient, and secure cloud-native applications and lead and mentor a team of software engineers, fostering best practices in software development and DevOps. Beyond thee, you will implement CI/CD pipelines and Infrastructure as Code (IaC) for cloud automation.<br />• Ensure adherence to security standards, compliance regulations, and coding best practices.<br />• Collaborate with stakeholders to define technical requirements and architecture strategies.<br /> </p><p></p><p><strong>",Land Transport Authority,"InfoComm, Technology, New Media Communications"
5,"[LTA-RSE] ASSISTANT ENGINEER, ROLLING STOCK AND DEPOT ENGINEERING","</strong></p>[LTA-RSE] ASSISTANT ENGINEER, ROLLING STOCK AND DEPOT ENGINEERING<p></p><p><strong> </strong></p><p>• Knowledge in Electrical or Mechanical Engineering<br />• A team player who is meticulous, proactive, resourceful, and responsible<br />• Good writing and communication skills<br />• Good overall computing proficiency including Microsoft Office<br />• Self-driven with strong initiative to learn and willingness to get hands-on experience for site works<br />• Available to perform shift work including weekends and public holidays when necessary<br />• Those without working experience are welcome to apply</p><p></p><p>As part of the shortlisting process for the role, you may be required to complete a medical declaration and / or undergo further assessment.</p> </strong></p><p>You will work with a team of engineers focusing on engineering aspects of rolling stock and depot equipment. The projects you will be working on include LRT trains, specialised track maintenance vehicles ( locomotives, wagons, multi-function vehicles, rail grinding vehicles, etc.), rail depot equipment (automatic train wash plant, underfloor wheel lathe, underfloor lifting system, etc) and bus depot equipment ( automatic bus wash system, bus testing and maintenance equipment, etc). You will have the opportunities to work on developing technical specifications, reviewing design submission from contractors and explore engineering initiative to improve reliability, operation and maintenance of the rolling stock and depot equipment, as well as providing administrative support including managing correspondences, arranging meetings, and writing minutes, etc. You will also be working closely with cross functional teams from different disciplines within LTA, as well as with Railway Operators and contractors to provide support to project teams at various stages.</p><p></p><p><strong>",Land Transport Authority,Engineering
6,[LTA-ITCD] SENIOR / EXECUTIVE CYBERSECURITY ENGINEER,"</strong></p>SENIOR/EXECUTIVE CYBERSECURITY ENGINEER<p></p><p><strong> </strong></p><ul><li>Knowledge in Information Technology, Engineering, or related discipline.</li><li>At least 3 years of hands-on experience in cybersecurity design and implementation for Operational Technology (OT) systems.</li><li>Possess one or more professional certifications in cybersecurity (CISA, CISM, CISSP, CRISC, or equivalent).</li><li>Demonstrated expertise in cybersecurity risk management, vulnerability assessment, penetration testing, and compliance frameworks.</li><li>Good knowledge of industry standards including CSA&#39;s Cybersecurity Code of Practice, IEC 62443, and TS 50701.</li><li>Practical experience in network security, application security, system security, wireless communications, IoT security, or engineering environments.</li><li>Strong problem-solving and troubleshooting skills.</li><li>Excellent written, verbal communication and presentation skills.</li><li>Singapore citizenship required.</li><li>Candidates with more experience might be considered for senior position.</li></ul><ul><li>Experience leveraging smart technologies such as GenAI, RPA, and data analytics to enhance cybersecurity processes.</li><li>Advanced certifications or specialisations in OT/ICS security.</li><li>Experience with transport or critical infrastructure cybersecurity.<br /><br />As part of the shortlisting process for the role, you may be required to complete a medical declaration and / or undergo further assessment.</li></ul> </strong></p><p>You will be a key member of LTA Cybersecurity Consultancy team focused on keeping the Land Transport systems safe and secure, including Critical Information Infrastructure (CII) systems. The candidate should possess strong technical skills, industry certifications, and expected to keep abreast of new cybersecurity solutions and practices to protect against new emerging cybersecurity threats.</p><p></p><p><strong>Key Responsibilities:</strong></p><ul><li>Develop and incorporate project specific cybersecurity specifications &amp; industry best practices, and ensure alignment to assess cybersecurity risks, requirements, and prevailing cybersecurity policies &amp; standards.</li><li>Enhancing existing cybersecurity baseline process and workflow to facilitate incorporating security-by-design concepts into project lifecycle.</li><li>Participate in tender evaluation for technical proposals on cybersecurity and provide recommendations to the tender steering committee.</li><li>Work closely with LTA counterparts to manage vendors and exercise oversight on the cybersecurity robustness of the projects, including the review of security architecture, design &amp; implementation of the security solution &amp; controls (including firewall, anti-virus solution, SIEM, etc), risk assessment, and security testing reports such hardening and VAPT.</li><li>Identify non-compliance against policies and requirements during design, implementation and testing phases.</li><li>Review the cybersecurity risk assessments and risk treatments to identify and address the cybersecurity gaps &amp; weakness.</li></ul><p></p><p></p><p><strong>",Land Transport Authority,"InfoComm, Technology, New Media Communications"
7,"[LTA-P&C] DEPUTY/ ASSISTANT MANAGER, CONTRACTS (RAIL CORE SYSTEMS)","</strong></p>DEPUTY/ ASSISTANT MANAGER, CONTRACTS (RAIL CORE SYSTEMS)<p></p><p><strong> </strong></p><p><span>• Knowledge in Electrical / Electronics, Mechanical Engineering or Project &amp; Facilities Management </span></p><p><span>• Organised and meticulous with the ability to work independently </span></p><p><span>• Strong written, analytical, communication and interpersonal skills </span></p><p><span>• Team player and able to multi-task in a fast-paced environment </span></p><p><span>• Good knowledge of Microsoft Office, including Word, Excel and PowerPoint </span></p><p><span>• Candidate with experience in large-scale infrastructure projects and contracts management will be considered for a senior position </span></p><p></p><p><span>As part of the shortlisting process for the role, you may be required to complete a medical declaration and / or undergo further assessment.</span></p> </strong></p><p><span>You will be part of a team managing the contracts for the implementation of the land transport infrastructure projects. You will also assist in the preparation of cost estimates for new projects / initiatives / feasibility studies. In addition, you will prepare tender documents and ensure that the tender process comply with Authority’s requirements and adhere to the procurement procedures. You will be involved in tender evaluation, evaluating of tender bids, administrating of contracts according to contract provisions and in accordance with financial procedures such as processing of payments, valuation of variations, assessment of claims, cash-flow projects and providing contractual advices to project teams. You will also be required to develop and maintain a comprehensive cost database relating to assets-replacement projects.</span></p><p></p><p><strong>",Land Transport Authority,Engineering
8,[LTA-ADM] DEPUTY/ASSISTANT MANAGER (PROJECT / WORKPLACE DEVELOPMENT),"</strong></p>DEPUTY/ASSISTANT MANAGER (PROJECT / WORKPLACE DEVELOPMENT)<p></p><p><strong> </strong></p><ul><li><p>Background knowledge in mechanical &amp; electrical engineering, with at least 4 years of experience in the project management of new developments or A&amp;A works to office buildings. Those with more experience will be considered for the higher post.</p></li><li><p>Experience and knowledge in project management and coordination for medium to large sized projects, including A&amp;A of live buildings</p></li><li><p>Good verbal and written communication skills, interpersonal skills for collaboration with stakeholders across all levels.</p></li><li><p>Self-motivated, detail-oriented, and possess strong conceptual and analytical thinking skills</p></li><li><p>Good team player, driven and with the ability to work independently</p></li><li><p>Able to understand technical drawings, specifications, and requirements.</p></li><li><p>Good understanding of GreenMark for Non-residential buildings, integrated digital delivery approach and building technologies (including smart office management solutions).</p></li><li><p>Knowledge of Public Sector requirements and construction related procurement, and Change Management will be an advantage</p></li></ul><p></p><div><p>As part of the shortlisting process for the role, you may be required to complete a medical declaration and / or undergo further assessment</p></div> </strong></p><p><span>You will be an integral part of the team in the planning, management and execution of LTA’s office development projects and A&amp;A of existing offices/buildings. You will need to be involved in all stages of project inception, planning, change management, execution and completion. To ensure assigned projects meet user requirements and are completed on time, safely, within budget and of the highest quality, you will be responsible to: </span></p><ul><li><p><span>Assist in leading the assigned projects on stakeholder management, cost planning, consultant and contractor engagement, design management, construction management from inception till completion, handover and closeout.</span></p></li><li><p><span>To work with project stakeholders to determine the needs and constraints in producing the detailed project plan, including project programme with clear milestones towards project delivery</span></p></li><li><p><span>Manage and oversee all project procurement and coordination activities.</span></p></li><li><p><span>On-site coordination of activities of the appointed contractors and consultants in alignment with the project schedule and budget is expected.</span></p></li><li><p><span>To lead and facilitate meetings with Multi-Disciplinary Team Consultants, Contractors, relevant external agencies, as well as internal and external stakeholders to ensure project delivery. </span></p></li><li><p><span>To maintain effective project governance, processes, and systems throughout the project, including proper compilation of project documents for archival and project closeout.</span></p></li><li><p><span>Any other work-related tasks or duties as assigned by the management.</span></p></li></ul><p><br /> </p><p></p><p><strong>",Land Transport Authority,Building and Estate Management
9,"[LTA-RSE] ASSISTANT ENGINEER, ROLLING STOCK PROJECTS","</strong></p>ASSISTANT ENGINEER, ROLLING STOCK PROJECTS<p></p><p><strong> </strong></p><p><span>• Knowledge in Electrical / Electronics / Mechanical Engineering </span></p><p><span>• Good appreciation of the MRT system complexity and interface requirements </span></p><p><span>• Good communication, presentation and inter-personal skills </span></p><p><span>• Self-driven with strong initiative to learn and willingness to get hands-on experience for site works </span></p><p><span>• Team player who is analytical, resourceful and result-oriented </span></p><p><span>• Ability to work independently </span></p><p><span>• Able to perform shift work including weekends and public holidays </span></p><p><span>• Available for overseas travel for train testing and quality inspection</span></p><p><span>• Those without working experience are welcome to apply<br /><br />As part of the shortlisting process for the role, you may be required to complete a medical declaration and / or undergo further assessment.</span></p> </strong></p><p><span>You will play an integral role in managing large-scale Rolling Stock (Passenger Trains) projects for the new and existing MRT lines, including design review, manufacturing, testing and commissioning. You will lead/support investigation of train faults and failures and also various engineering initiatives to improve train reliability, operation and maintenance. You will be working closely with cross functional teams from different disciplines within LTA, appointed Railway Operator, relevant parties and stakeholders to ensure that the projects are well co-ordinated and progress according to the stipulated timeline. </span></p><p></p><p><strong>",Land Transport Authority,Engineering
10,"[LTA-TRO] ENGINEER, COMMUTER FACILITIES MANAGEMENT","</strong></p>You will be involved in the management, maintenance and engineering design of commuter facilities, such as covered linkways, pedestrian overhead bridges, pedestrian underpasses, footbridges and bus/taxi/pick up drop off shelters to ensure safe operation for use by the public at all times.<p></p><p><strong> </strong></p><p><span>- Knowledge in Civil/Structural Engineering or equivalent </span></p><p><span>- Independent, self-motivated and possess good project management and organisational skills </span></p><p><span>- Good writing, communication and interpersonal skills </span></p><p><span>- Good knowledge of common civil construction materials such as reinforced concrete, steel, asphalt etc preferred </span></p><p><span>- Relevant experience in commuter facilities construction, handling of customer feedback, GIS, productivity and automation tools will be an advantage </span></p><p></p><p><span>As part of the shortlisting process for the role, you may be required to complete a medical declaration and /or undergo further assessment.</span></p> </strong></p><p><span>You will lead the preparation of tender specifications, manage and supervise commuter facilities inspection/maintenance contracts, ensuring safety requirements for on-site activities, as well as carry out quantity/quality audit checks on works on site. Beside reviewing construction drawings and offering professional advice to developers, consultants and other government agencies on development submissions/projects related to maintenance of commuter facilities, part of the work scope also include the management of feedback from the public, other government agencies and private developers.</span></p><p></p><p><strong>",Land Transport Authority,Engineering
11,[LTA-IDE] ASSISTANT SURVEYOR,"</strong></p>ASSISTANT SURVEYOR<p></p><p><strong> </strong></p><ul><li><p><span>Knowledge in any discipline, preferably with related modules on Land Surveying</span></p></li><li><p><span>Relevant experience may be considered;</span></p></li><li><p><span>Team player and interest in construction environment;</span></p></li><li><p><span>Good interpersonal and communication skills</span></p></li></ul> </strong></p><p><span>You will be part of a survey team in planning, executing and finalising survey works pertaining to the construction of Rail and Road projects.</span></p><p></p><p><strong>",Land Transport Authority,Building and Estate Management
12,"[LTA-TRO] DEPUTY / MANAGER, ENFORCEMENT","</strong></p>DEPUTY / MANAGER, ENFORCEMENT<p></p><p><strong> </strong></p><p><span>• At least 3 years of working experience is preferred<br />• Past experience in enforcement, regulatory and supervisory functions would be advantageous<br /><span>• Positive attitude and able to thrive in a fast-paced working environment<br />• Good conceptual, planning and organising skills<br />• Bilingual with good communication (verbal and written) and leadership skills<br />• Resourceful, independent and self-motivated as well as a team player</span></span></p> </strong></p><ul><li><p>Lead and manage the Vehicle Enforcement’s Feedback Management Team (3 executives)</p><ul><li><p>Effective triage (classification and assessment) of feedback</p></li><li><p>Prompt distribution and dissemination of case files for follow up; as well as timely update in feedback management system</p></li><li><p>Prompt handling of appeals and high-profile cases, including potential updates to management on case status</p></li></ul></li><li><p>In-depth analysis of Vehicle Enforcement’s feedback</p><ul><li><p>Trend analysis, including source of feedback, areas/locations of interest, emerging areas of enforcement concerns</p></li><li><p>Periodic reports to management on feedback analysis, as well as responsible to handle request for feedback analysis from other departments</p></li><li><p>Work with Ops team to plan for efficient deployment of resources, e.g. deployment to certain locations with high concentration of feedback</p></li></ul></li><li><p>Identify tools and new technology for more efficient feedback management and handling, e.g. AI for quick analysis of long feedback, data analysis, dashboarding for overall feedback health status.</p></li><li><p>Collaborate with <span>EC3S</span>/tech teams to streamline feedback flow from feedback management system (EFMS) to case management system (EC3S)</p><ul><li><p>Explore possibility of single source of truth for all data flow</p></li><li><p>Tap on case management system’s capabilities and data for analysis and performance tracking, e.g. time taken to respond to cases, geo-tagging of incidents, etc</p></li></ul></li></ul><p></p><p>In addition, you are also expected to support the section in all operations matters, including but not limited to writing of contractual papers, budgeting, management of staff, and formulation/review of deployment plans, enforcement strategies, policies and business continuity plans.</p><p></p><p><strong>",Land Transport Authority,Enforcement
13,"[LTA-PT] ASSISTANT MANAGER, BUS SERVICE CONTRACT MANAGEMENT","</strong></p>Assistant Manager, Bus Service Contract Management<br><br>Join our dynamic team as an Assistant Manager in Bus Service Contract Management, where you will play a pivotal role in overseeing and optimising bus service operations across Singapore's public transport network.<p></p><p><strong> </strong></p><ul><li><p>Knowledge in contract management principles and practices.<br /> </p></li><li><p>Meticulous attention to detail with excellent organisational capabilities.<br /> </p></li><li><p>Strong multitasking abilities, adaptability and resilience in a fast-paced, dynamic environment.<br /> </p></li><li><p>Proven ability to work both independently with minimal supervision and collaboratively as a team player.<br /> </p></li><li><p>Advanced proficiency in Microsoft Office applications.<br /> </p></li><li><p>Excellent written, verbal, and interpersonal communication skills.<br /> </p></li><li><p>Previous experience in the bus industry or transport sector will be advantageous.</p></li></ul><p></p><p>As part of the shortlisting process for the role, you may be required to complete a medical declaration and / or undergo further assessment.</p> </strong></p><p>As part of our collaborative team, you will take ownership of managing bus service contracts <span>and other contracts</span> whilst working closely with contracted operators, LTA divisions, and key stakeholders. Your responsibilities will encompass proactive contract management, performance monitoring, and compliance oversight.</p><p></p><p>You will be responsible for reviewing and reporting on operator performance against contractual requirements, processing essential documentation and payments, and supporting the seamless implementation of bus services following tender awards. We are looking for someone with natural curiosity who actively seeks opportunities to streamline processes through automation and innovation, driving improvements in both efficiency and effectiveness.</p><p></p><p><strong>",Land Transport Authority,Others
14,"[LTA-MDET] PRINCIPAL DEVELOPER, FULL STACK","</strong></p>PRINCIPAL DEVELOPER, FULL STACK<p></p><p><strong> </strong></p><p>•    At least 7 years of experience building full stack web applications, with a strong track record of building and shipping web-based applications.<br />•    Highly familiar with frontend and backend languages, including JavaScript, Python, HTML and associated UI libraries (e.g. Angular Material, Prime)<br />•    Proficiency in frontend frameworks (e.g. Angular, Node.js), backend frameworks (e.g. Fast API, Django), and building an event-driven, web-services based architecture. Highly familiar with enterprise data flows (e.g., ESB, API GW, MQ, AWS Kafka).<br />•    Experience in configuring and deploying to cloud platforms, including setting up instances, storage, and connectivity. Cloud certification (e.g. AWS Certified Associate and up) and experience working on Government Commercial Cloud is an advantage.<br />•    A strong command of Git workflows, as well as automated testing (e.g. Selenium, Playwright, or equivalent), is essential to succeed in the role.<br />•    Know-how to integrate AI tools (e.g. Copilot, Cursor) to accelerate development while ensuring compliance with organisational governance and controls.<br />•    Strong communication and collaboration skills, you proactively seek feedback, handle ambiguity, and get things done.<br />•    Comfortable in a startup-like setting, where roles flex and speed matters, and bring a proactive attitude and strong ownership mentality to the table.<br /> </p> </strong></p><p>Join a team of changemakers on a mission to redesign the motoring experience – creating a future where transactions happen effortlessly, touchpoints are thoughtfully designed, and where every interaction in a delight. You will be part of a team to reinvent the One Motoring platform, building new capabilities to enable real-time billing, personalised dashboards, and intuitive user flows.</p><p><br />As our Principal Developer, Full Stack, you’ll work across the stack to build clean frontend components and robust backend systems. You’ll be part of a tight-knit software team, where everyone contributes to design, delivery, and quality. You’ll be involved in cloud deployment, coding, integration, and agile delivery, with plenty of room to grow and take ownership.</p><p><br />What You’ll Do<br />•    Deliver Full Stack Features: Design, build, and maintain both frontend and backend, writing well-structured, easily maintainable, and testable code across the stack, contributing to robust and production-ready systems.<br />•    Work Across the Stack: Collaborate with fellow developers to build, test, and ship high-quality features, while maintaining robust documentation and clear modularity.<br />•    Support Cloud Deployments: Help configure development environments, CI/CD pipelines, manage codebase versioning, and set up the staging cloud infrastructure.<br />•    Test, Validate, and Refine: Write unit and integration tests, participate in code reviews, and debug issues across environments.<br />•    Co-Creating Requirements: Collaborate with product managers, designers, and other developers to refine designs, iterate quickly, and respond to evolving user needs.<br /> </p><p></p><p><strong>",Land Transport Authority,"InfoComm, Technology, New Media Communications"
15,"[LTA-TRO] EXECUTIVE/ ENGINEER, 1 PLANNING COMPLIANCE","</strong></p>[LTA-TRO] EXECUTIVE/ ENGINEER, DEVELOPMENT &amp; BUILDING CONTROL(ROADS)<p></p><p><strong> </strong></p><p>∙ Knowledge in Civil / Structural Engineering<br />∙ At least 5 years experience in road design or construction preferred<br />∙ Resourceful, analytical, able to thrive in a demanding work environment<br />∙ Team player with good interpersonal and communication skills<br />∙ Excellent writing and presentation skills<br />∙ Self-motivated, able to multi-task and keen to learn<br />∙ Candidates with prior experience in dealing with public will be an advantage<br />∙ Candidates without experience may also apply</p><p></p><p>As part of the shortlisting process for the role, you may be required to complete a medical declaration and / or undergo further assessment.</p> </strong></p><p><span>We are seeking an individual to lead, manage and supervise to evaluate development proposal plans (including design of new streets) submitted for Roads &amp; Parking clearance to ensure compliance with LTA’s prevailing requirements and guidelines.<br /><br />You will be required to carry out analysis, prepare reports and present findings to senior management. You are required to work with developers, their architectural and engineering consultants and builders. You will also co-ordinate and liaise with LTA architects, planners and engineers. You will also attend to public enquiries and feedback. There are also opportunities to work on process improvement projects within LTA and with other organisations.</span></p><p></p><p><strong>",Land Transport Authority,Engineering
16,[LTA-IDE] SENIOR / EXECUTIVE ARCHITECT,"</strong></p>SENIOR / EXECUTIVE ARCHITECT<p></p><p><strong> </strong></p><p>•    Knowledge in Architecture, preferably recognised by the Board of Architects, Singapore<br />•    At least 3 years of relevant working experience in architectural design and practice<br />•    Good knowledge of BIM, CAD software (incl. AutoCAD, Sketchup, micro station and Revit) and functional drafting capability<br />•    Able to communicate ideas and concepts well via writing and speaking<br />•    Able to work in multi-disciplinary team<br />•    Interest in design and problem solving<br />•    Experience in rail projects will be an advantage<br />•    Able to multi task and with good time management skill</p> </strong></p><p>You will be required to carry out schematic designs proposals and  coordination management of enhancement works for existing MRT station buildings and related infrastructure, from conceptualization to construction. You will be involved in projects to promote quality architectural design and a sustainable transport environment. Specifically you will be involved in preparation of tender specifications / execute feasibility studies/documentation / liaises and coordinate with consultants and contractor/ design and site management of the architectural aspect of the projects. You will also be required to write proposal funding papers, prepare and make presentations. You will also be responsible to review developer’s building plan submissions and contractor’s shop drawings.</p><p></p><p><strong>",Land Transport Authority,Building and Estate Management
17,"[LTA-TRO] ASSISTANT ENGINEER, ROAD FACILITY CONSTRUCTION","</strong></p>You will be involved in the upgrading and maintenance of road, road/commuter structure and related facilities projects.<p></p><p><strong> </strong></p><p>• Knowledge in Civil / Structural Engineering</p><p>• At least 2 years of experience in construction supervision of civil / building engineering projects preferred</p><p>• Knowledgeable of building codes and construction safety regulations</p><p>• Pro-active with strong communication and problem-solving skills</p><p>• Prepared to work on site and perform night work<br />• Those without experience are also welcomed to apply</p><p></p><p>As part of the shortlisting process for the role, you may be required to complete a medical declaration and / or undergo further assessment.</p> </strong></p><p>You will be responsible for the supervision of site/ construction operations, ensuring that works are carried out in accordance with contract specifications, design, safety requirements and quality standards. You will also be involved in administrative functions as part of project coordination on contractual, technical and public relations matters.</p><p></p><p><strong>",Land Transport Authority,Engineering
18,"[LTA-TRO] ASST MANAGER, WARRANT ENFORCEMENT, VIOLATION MGMT","</strong></p>ASST MANAGER, WARRANT ENFORCEMENT, VIOLATION MGMT<p></p><p><strong> </strong></p><p><span>[What we are looking for]</span><br /><span>• Knowledge in any discipline</span><br /><span>• Preferably 3 years of working experience in the enforcement, legal and/ or service industry</span><br /><span>• 2 years in a supervisory capacity will be advantageous</span><br /><span>• Experience in process improvement and service design, and implementation of complex business systems will be an added advantage</span><br /><span>• Positive attitude and able to thrive in a fast-paced working environment</span><br /><span>• Possess strong communication skills with an excellent command of the English language – able to prepare and deliver clear written, verbal, and visual proposals to senior management</span><br /><span>• Enjoy meeting people and possesses a flair for customer service</span><br /><span>• Good analytical, communication (verbal and written) and leadership skills</span><br /><span>• Team player who is resourceful, analytical, self-motivated and confident</span><br /><span>• Having class 3 driving licence will be an advantage</span><br /><br /><span>As part of the shortlisting process for the role, you may be required to complete a medical declaration and / or undergo further assessment.</span></p> </strong></p><p><span>[What you will be working on]</span><br /><span>You will be assisting Senior Manager, Violation Management in the administration and supervision of daily operations of the Warrant Enforcement Section.</span><br /><br /><span>• Assist to oversee the warrant operations and handle queries by members of public.</span><br /><span>• Compile and present warrant statistics on a weekly and monthly basis.</span><br /><span>• Liaise with external enforcement/government agencies as well as private establishments/organisations in establishing information on warrant offenders.</span><br /><span>• Investigate and reply appeals/feedbacks and calls received.</span><br /><span>• Formulate and implement plans to facilitate enhancement to the operational workflow to improve efficiency and effectiveness.</span><br /><span>• Conduct training for new and existing staff in Warrant Enforcement Section.</span><br /><span>• Lead and/or support tender projects or ad-hoc projects.</span></p><p></p><p><strong>",Land Transport Authority,Enforcement
19,"[LTA-TRO] EXEC/ ENGINEER, ROADWORK PLANNING, ROAD WORKS REGULATION & LICENSING","</strong></p>EXEC/ ENGINEER, ROADWORK PLANNING, ROAD WORKS REGULATION &amp; LICENSING<p></p><p><strong> </strong></p><ul><li><p>Knowledge in Civil / Traffic / Transportation Engineering or other related fields</p></li><li><p>Experience in or good knowledge of project management and/or policy development will be an added advantage</p></li><li><p>Good communication, stakeholder management and presentation skills</p></li><li><p>Strong writing, analytical and problem-solving skills, with meticulous attention to details</p></li><li><p>Able to work independently and in teams</p></li><li><p>Highly organised with ability to prioritise and manage multiple projects independently</p></li><li><p>Self-motivated, adaptable and possesses growth mindset</p></li><li><p>Candidates without working experience are also welcome to apply</p></li></ul><p></p><p>As part of the shortlisting process for the role, you may be required to complete a medical declaration and / or undergo further assessment.</p> </strong></p><p><span>As part of the team, you will be responsible for the advanced planning, coordination, and oversight of works on road.</span></p><p></p><p>The role offers the opportunity to drive meaningful change to transform how we manage road work, leading to tangible improvements in traffic flow, work efficiency and motorists’ experience, using data driven insights.</p><p></p><p>You will also support the formulation of data-driven policies that strengthen road work planning and execution. This includes leveraging on traffic data to sense make and derive insights that inform strategic decisions. You will also play a key role in uplifting industry capabilities by actively engaging the road work industry to strengthen adherence to LTA’s standards. In addition, you will also collaborate with internal stakeholders, external agencies to align road work strategies with broader national efforts, such as optimizing the use of underground space.</p><p></p><p><strong>",Land Transport Authority,Engineering
20,"[LTA-TRO] SENIOR/ EXECUTIVE/ ENGINEER, ROAD FACILITY CONSTRUCTION","</strong></p>You will manage the upgrading and maintenance of road, road/commuter structure and related facilities projects.<p></p><p><strong> </strong></p><p>• Knowledge in Civil / Structural Engineering</p><p>• At least 2 years of relevant experience in project / construction environment, or in civil / structural design preferred</p><p>• Strong leadership skill with good knowledge in building codes and construction safety regulations</p><p>• Experience in Transformation &amp; Productivity for workplace / construction industry will be an advantage</p><p>• Detail-oriented and pro-active with strong analytical, written and verbal communication skills</p><p>• Those without experience are also welcomed to apply</p><p></p><p>As part of the shortlisting process for the role, you may be required to complete a medical declaration and / or undergo further assessment.</p> </strong></p><p>You will be responsible for the supervision and timely completion of projects, ensuring that works are carried out in accordance with budget, contract specifications, design, safety requirements and quality standards. As part of project coordination on contractual, technical and public relations matters, you will be required to work closely with contractors, design consultants, government agencies and community stakeholders.</p><p></p><p><strong>",Land Transport Authority,Engineering
21,"[LTA-TRO] EXECUTIVE/ ENGINEER, INNOVATION & ANALYTICS","</strong></p>EXECUTIVE/ ENGINEER, INNOVATION &amp; ANALYTICS<p></p><p><strong> </strong></p><p>[What we are looking for]</p><ul><li><p>Knowledge preferably in Civil / Traffic / Transportation Engineering, Data Analytics or other related technical fields acceptable;</p></li><li><p>Experience and exposure in programming (such as Python and SQL), data visualisation software (such as Tableau or PowerBI) and GIS tools (such as ArcGIS or QGIS) will be considered favourably;</p></li><li><p>Self-motivated, adaptable, fast learner with a strong sense of responsibility;</p></li><li><p>Strong problem-solving ability;</p></li><li><p>Organised, meticulous and attention to detail;</p></li><li><p>Ability to work both independently and collaboratively in a fast-paced environment;</p></li><li><p>Good writing, communication, analytical and interpersonal skills;</p></li><li><p>Candidates without experience but have strong interest in traffic transportation are welcome to apply.</p></li></ul><p></p><p><span>As part of the shortlisting process for the role, you may be required to complete a medical declaration and /or undergo further assessment.</span></p> </strong></p><p>[What you will be working on]</p><p></p><p><span>Every day, countless journeys are made on our roads. An unseen battle is waged daily against congestion and inefficiency.  </span></p><p></p><p><span>Join us in steering the future of how Singapore commutes.</span></p><p></p><p><span>As part of our dynamic team, you will have the opportunity to drive meaningful change, through the combination of 1) Traffic engineering knowledge, 2) Advanced data analytics, 3) Geo-spatial insights and 4) Compelling data visualisation. You will have the opportunity to blend these skills in real-world operations to keep Singapore moving.</span></p><p></p><p><span>Conduct studies to identify traffic trends, issues and areas for improvement and contribute to the formulation of traffic management policies and strategies that improve traffic on our roads. Collaborate with various stakeholders in LTA, MOT and other agencies and ensure the smooth and reliable execution of traffic demand management operations. Shape the future and improve Singapore’s transport scene by staying abreast of advancements in smart technologies, big data and other intelligent tools to enhance traffic and demand management strategies. </span></p><p></p><p><span>Together, we can make commuting a better experience for all.</span></p><p></p><p><strong>",Land Transport Authority,Statistics
22,"[LTA-TRO] DEPUTY/ ASST MANAGER, APPEALS","</strong></p>DEPUTY/ ASST MANAGER, APPEALS<p></p><p><strong> </strong></p><ul><li><p>Knowledge in any discipline</p></li><li><p>Preferably at least 4 to 5 years of relevant experience, ideally in enforcement functions or customer service</p></li><li><p>Good communication, writing, interpersonal and analytical skills</p></li><li><p>Self-motivated, able to work independently and as a team in a dynamic environment</p></li><li><p>Meticulous and resourceful</p></li><li><p>Proficient in Microsoft Office applications (Excel, Word, PowerPoint)</p></li></ul><p></p><p>As part of the shortlisting process for the role, you may be required to complete a medical declaration and / or undergo further assessment.</p> </strong></p><p>You will be responsible for overseeing a team handling appeals arising from offences committed under the Road Traffic Act, Active Mobility Act and other Acts under LTA’s administration and their subsidiary legislation. Your core duties include reviewing and responding to appeals, preparing comprehensive reports with analysis and recommendations, and monitoring key performance indicators. There will be opportunities to collaborate with various LTA divisions, government and external agencies, communities, and the public to resolve multi-faceted issues while managing escalated enquiries from the public and other agencies. Additionally, you will spearhead developmental projects to streamline work processes and enhance operational efficiency of the team.</p><p></p><p><strong>",Land Transport Authority,Enforcement
23,"[LTA-TRO] EXECUTIVE/ ENGINEER, PATH MANAGEMENT","</strong></p>EXECUTIVE/ ENGINEER, PATH MANAGEMENT<p></p><p><strong> </strong></p><p><span>[What we are looking for]</span><br /><span>- Knowledge in Civil/Structural Engineering or equivalent </span><br /><span>- Independent, self-motivated and possess good project management and organisational skills </span><br /><span>- Good writing, communication and interpersonal skills</span><br /><span>- Good knowledge of common civil construction materials such as reinforced concrete, steel, asphalt etc preferred</span><br /><span>- Relevant experience in commuter facilities construction, handling of customer feedback, GIS, productivity and automation tools will be an advantage</span><br /><br /><span>As part of the shortlisting process for the role, you may be required to complete a medical declaration and /or undergo further assessment.</span></p> </strong></p><p><span>[What you will be working on]</span><br /><span>You will be involved in the management, maintenance and engineering design of commuter facilities, for example footpath and cycling paths, and its associated infrastructure to ensure safe operation for use by the public at all times. You will lead the preparation of tender specifications, manage and supervise commuter facilities inspection/maintenance contracts, ensuring safety requirements for on-site activities, as well as carry out quantity/quality audit checks on works on site. Besides reviewing construction drawings and offering professional advice to developers, consultants and other government agencies on development submissions/projects related to maintenance of commuter facilities, part of the work scope also include the management of feedback from the public, other government agencies and private developers.</span></p><p></p><p><strong>",Land Transport Authority,Engineering
24,"[LTA-ITCD] MANAGER / DEPUTY / ASST MANAGER, IT SYSTEMS (WORKPLACE)","</strong></p>[LTA-ITCD] MANAGER / DEPUTY / ASSISTANT MANAGER, IT SYSTEMS (WORKPLACE)<p></p><p><strong> </strong></p><p><span>· Knowledge in IT, Computer Science, Engineering or related field.</span><span> </span></p><p><span>· Relevant knowledge or experience in End User (mobile devices, desktops, laptops) and messaging support &amp; operations. </span></p><p><span>· Experience in team management, GenAI (e.g. Microsoft Co-pilot), PowerBI, and desktop automation tools (e.g. RPA, Python) is desirable.</span></p><p><span>· Knowledgeable in desktop, WAN, LAN and wireless technologies.<span>  </span>Experience in Singapore Public Sector ICT environment is desirable. </span></p><p><span>· Strong project management and change management experience that ensures ICT projects are delivered on time, budget and schedule is desirable.</span></p><p><span>· IT financial budget management, IT procurement and IT contractor management experience is desirable.</span></p><p><span>· Good interpersonal, communications and presentation skills</span></p><p><span>· Analytical and strategic thinking skills</span></p><p><span>· Those without experience are welcome to apply<br /><br />As part of the shortlisting process for the role, you may be required to complete a medical declaration and / or undergo further assessment.</span></p> </strong></p><p><span>You shall lead and manage initiatives to strategize, plan and deliver Digital Workplace services for the Land Transport Authority (LTA); including End User computing devices, messaging services, Generative AI, digital solutions and tools. You will manage outsourced partners and service providers to ensure smooth running and provisioning of Service Desk, End User devices and messaging services. In addition you will be leading the digitalisation effort in the areas such as asset management, equipment tracking/issuing, contract management, bill verification, workplace productivity &amp; collaboration, and IT helpdesk management. Beyond these, you will be assisting in the design and implementation of the End User infrastructure to ensure reliability, availability, serviceability and security. You will be involved in enforcing End User device &amp; messaging policies and procedures to meet both Government as well as LTA&#39;s requirements. You will source for new developments in End User devices and messaging-related technologies that enhance LTA&#39;s effectiveness in delivering its business objectives. You will interact closely with other IT Teams, Business Units, and external agencies (GovTech, MOF and MOT) to understand and meet their requirements. You will be responsible for managing, guiding and continuously upgrading of staff&#39;s knowledge so that a competent team is always ready to take on new challenges to meet LTA&#39;s business needs.</span></p><p></p><p><strong>",Land Transport Authority,"InfoComm, Technology, New Media Communications"
25,"[LTA-TRO] EXECUTIVE/ ENGINEER, TRAFFIC & STREET LIGHTING","</strong></p>EXECUTIVE/ ENGINEER, TRAFFIC &amp; STREET LIGHTING<p></p><p><strong> </strong></p><p><span>[What we are looking for]</span><br /><span>• Knowledge in Electrical / Electronic / Computer Engineering or equivalent</span><br /><span>• At least 3 years of relevant experience in the area of project management for maintenance related works preferred</span><br /><span>• Good writing, communication and presentation skills</span><br /><span>• Possess initiative and resourcefulness as well as keen interest in problem-solving</span><br /><span>• Able to work independently as well as in a team</span><br /><span>• Have strong sense of responsibility and strong analytical mind</span><br /><span>• Preferably with valid Class 3 driving licence</span><br /><br /><span>As part of the shortlisting process for the role, you may be required to complete a medical declaration and /or undergo further assessment.</span></p> </strong></p><p><span>[What you will be working on]</span><br /><span>You will be part of a team spearheading the asset management of Traffic &amp; Street Lighting (T&amp;SL), including overseeing the daily of operating and maintenance works and supporting various major LTA and government agencies projects for street lighting installation works.</span><br /><br /><span>You will be involved in the Street Lighting system including participating in the feasibility study, project planning, tender and design review, installation, testing, commissioning, maintenance and documentations. You will also manage feedback from the public, other government agencies and private developers.</span><br /><br /><span>In addition, you will need to collaborate with both internal and external parties and in establishing engineering requirements and performance specifications.</span></p><p></p><p><strong>",Land Transport Authority,Engineering
26,"[LTA-FIN] PRINCIPAL/SENIOR FINANCE EXECUTIVE, COLLECTIONS, RECEIVABLES, REFUNDS","</strong></p>Principal/Senior Finance Executive, Collections, Receivables and Refunds<p></p><p><strong> </strong></p><ul><li><p><span>Knowledge in Accountancy, Finance or Business or equivalent.</span><br /> </p></li><li><p><span>At least 3 years of experience in handling Finance Operations.</span><br /> </p></li><li><p><span>Knowledge of various finance processes such as account receivables, revenue collections and reconciliations.</span><br /> </p></li><li><p><span>Positive attitude with a strong passion to learn and contribute to the organisation.</span><br /> </p></li><li><p><span>Able to work independently, perform well under pressure to deliver within deadlines.</span><br /> </p></li><li><p><span>Excellent communication and interpersonal skills with the ability to interact with various stakeholders.</span><br /> </p></li><li><p><span>Effective team-player who is self-driven, analytical and resourceful.</span><br /> </p></li><li><p><span>Meticulous with numbers and proficient with Microsoft Office applications.<br />​</span></p></li><li><p><span>Experience in SAP financial system and </span><span>Robotic Process Automation (RPA)</span><span> such as UiPath/Python will be an advantage.</span></p></li></ul><p></p><p>As part of the shortlisting process for the role, you may be required to complete a medical declaration and / or undergo further assessment.</p> </strong></p><p><span>You will be part of a dynamic Finance team responsible for the revenue collection and account receivables function while driving process improvement in the team through the use of automation and cutting-edge technology.</span><br /><br /><span>Your core responsibility involves ensuring accurate and prompt collection, reconciliation, and accounting of bus and rail fare and non-fare revenue from contract counterparties. You will work closely with various stakeholders including public transport operators, transit acquirer, system vendors, and internal business teams to maintain seamless revenue operations and resolve discrepancies in accordance with established contractual frameworks and operating procedures. </span><br /><br /><span>Other key aspects of your role are to execute automated financial processes for operational needs, perform first-level end-user troubleshooting of system issues encountered and monitor them for resolution by vendors, contribute to the development of new system enhancements or automation projects including the provision of user requirements and the conduct of user acceptance tests.</span><br /><br /><span>You will also participate in month-end and year-end closing activities, prepare audit schedules and interface with internal/external auditors to address queries and provide necessary documentation to support the annual financial report preparation and audits.</span><br /><br /><span>In addition, you will identify opportunities for business process improvements and participate in digitalisation /transformation initiatives to streamline and enhance operational processes to achieve greater work efficiency.</span><br /> </p><p></p><p><strong>",Land Transport Authority,"Accounting, Audit, Finance"
27,"[LTA-TRO] EXECUTIVE/ ENGINEER, INTELLIGENT TRANSPORT SYSTEMS DEV","</strong></p>[LTA-TRO] EXECUTIVE/ ENGINEER, INTELLIGENT TRANSPORT SYSTEMS DEVELOPMENT<p></p><p><strong> </strong></p><ul><li><p>Knowledge in Information Technology/Computer Science/Engineering or relevant disciplines.</p></li><li><p>3 years of experience in IT system implementation projects, system maintenance, software development preferred.</p></li><li><p>Strong understanding of information technology and its application in infrastructure and software systems.  </p></li><li><p>Demonstrated keen interest in the development and operations of complex systems.  </p></li><li><p>Excellent communication and interpersonal skills, with the ability to collaborate effectively with cross-functional teams.</p></li><li><p>Willingness and ability to support night work and/or duties as required. </p></li><li><p>Fresh graduates with keen interest in system development and operations are encouraged to apply.</p></li></ul><p></p><p>As part of the shortlisting process for the role, you may be required to complete a medical declaration and / or undergo further assessment.</p> </strong></p><p><span>You will be part of a team spearheading the operation and maintenance of Intelligent Transport Systems (ITS) to improve the safety and efficiency of the road network and to better meet the needs of commuters.<br />Your responsibilities will span across various disciplines, including system architecture, change management and cybersecurity, ensuring a holistic approach to maintaining and optimizing our </span><span>critical platform for the management and monitoring of roads incident and traffic management</span><span>. You also be involved in new initiatives to build capabilities and optimizing the performance of the system.</span></p><p></p><p><strong>",Land Transport Authority,Engineering
28,"[LTA-TRO] SNR ENGINEER / EXEC ENGINEER, INTELLIGENT TRANSPORT SYSTEMS DEV","</strong></p>[LTA-TRO] SENIOR ENGINEER / EXECUTIVE ENGINEER, INTELLIGENT TRANSPORT SYSTEMS DEVELOPMENT<p></p><p><strong> </strong></p><ul><li><p>Knowledge in Information Technology/Computer Science/Engineering or relevant disciplines</p></li><li><p>5 years of experience in IT system implementation projects including programming and system testing</p></li><li><p>Strong understanding of information technology and its application in infrastructure and software systems</p></li><li><p>Application development experience on web, desktop application and database in programming language such as Java, HTML, CSS, Javascript, SQL, and usage of frameworks such as Angular, Node.js.</p></li><li><p>Knowledge and interest in developing AI applications in Natural Language Processing, Large Language Models, Computer Vision and Machine Learning is a plus</p></li><li><p>Excellent communication and interpersonal skills, with the ability to collaborate effectively with cross-functional teams and external stakeholders</p></li><li><p>Strong analytical, problem solving and questioning skills</p></li><li><p>Willingness and ability to support night works and/or duties as required.</p></li></ul><p></p><p>As part of the shortlisting process for the role, you may be required to complete a medical declaration and / or undergo further assessment.</p> </strong></p><p><span>You will be part of a team spearheading the design, development and maintenance management of Intelligent Transport Systems (ITS) to improve the safety and efficiency of the road network and to better meet the needs of commuters.<br /><br />You will be involved in IT systems software and enhancements design, implementation, testing, commissioning, and maintenance activities, including technical feasibility study, project planning, design and documentation review. <br /><br />You will collaborate with the Project Manager, the team and external contractors to ensure the successful implementation, testing and commissioning of the IT systems and software enhancements.<br /><br /></span></p><p></p><p><strong>",Land Transport Authority,Engineering
29,"[LTA-TO] MANAGER/ DEPUTY MANAGER, SUSTAINABILITY","</strong></p>Manager/ Deputy Manager, Sustainability, Transformation Office<p></p><p><strong> </strong></p><ul><li>Knowledge in sustainability/environmental sciences, engineering, physics, economics or other related quantitative fields of studies</li><li>At least 2 years of relevant experience in sustainability or related field, with a passion for sustainability</li><li>Good knowledge of sustainability issues, international standards such as ISO 14001 and ISO 14064, and best practices</li><li>Experience in sustainability report writing with reference to standards such as GRI Standards, TCFD, etc. is preferred</li><li>Strong analytical and project management skills to track progress and reporting across the organisation</li><li>Comfortable with matrix reporting and agile cross-functional working</li><li>Team player who is able to multi-task in a fast-paced environment and adapt quickly to growing requirements in the sustainability sphere</li></ul><p><br /> As part of the shortlisting process for the role, you may be required to complete a medical declaration and / or undergo further assessment </p> </strong></p><p>You will be part of a team responsible for coordinating and driving LTA’s environmental sustainability efforts in the following areas:</p><p></p><p><em>Sustainability strategy</em></p><ul><li>Develop pathways to decarbonise the land transport sector taking into consideration evolving technology, economic and policy conditions</li><li>Develop sustainability priorities and establish goals/KPIs in consultation with management and stakeholders</li><li>Oversee and monitor portfolio of sustainability initiatives/projects across LTA</li><li>Drive alignment between sustainability targets and operating metrics</li><li>Support LTA Groups/line divisions in driving and executing projects to achieve sustainability targets</li><li>Provide sustainability advisory and secretariat support to working group teams on related topics and solutions</li><li>Identify and evaluate emission reduction opportunities and pathways where possible</li><li>Review new ESG (Environment, Social &amp; Governance)/sustainability standards relevant to land transport sector to access impact and integrate requirements into wider sustainability framework and strategies</li><li>Conduct regular stakeholder engagement meetings to ensure objectives are met</li></ul><p></p><p><em>Sustainability reporting</em></p><ul><li>Research and benchmark latest ESG/sustainability trends and integrate recommendations into corporate objectives, reporting, and operations</li><li>Develop and operationalize sustainability reporting, including creating dashboards, data collection, data standards, data analysis, etc</li><li>Oversee and publish annual sustainability reporting in accordance with standards/requirements</li></ul><p></p><p><em>Sustainability outreach</em></p><ul><li>Coordinate sustainability outreach and partnership programmes</li><li>Develop and deliver sustainability-related communications to increase education, awareness and engagement of Sustainability initiatives</li><li>Potential to take on responsibilities beyond sustainability including corporate social responsibility effort and practices</li></ul><p></p><p><strong>",Land Transport Authority,Economics/Statistics
30,"[LTA-P&C] DEPUTY / ASSISTANT MANAGER, CONTRACTS (SYSTEMS & SERVICES)","</strong></p>DEPUTY / ASSISTANT MANAGER, CONTRACTS (IT &amp; OTHER SYSTEMS / TRANSPORT SYSTEMS / ELECTRICAL &amp; MECHANICAL SERVICES)<p></p><p><strong> </strong></p><p>• Knowledge in Computer / Electrical / Electronics / Information Technology / Mechanical / Systems Engineering<br />• At least 2 years of working experience in contract administration or project management of multi-disciplinary engineering projects is preferred<br />• Good knowledge of conditions of contract for IT, engineering or construction projects is preferred<br />• Organized and meticulous with the ability to work independently<br />• Strong written, analytical, communication and interpersonal skills<br />• A team player and able to multi-task in a fast-paced environment<br />• Those without working experience are also welcome to apply</p><p></p><p>As part of the shortlisting process for the role, you may be required to complete a medical declaration and / or undergo further assessment.</p> </strong></p><p>With our increasing number of rail and road projects, there are always new contracts being formed to support such projects so as to keep Singapore&#39;s public transport system going and growing. LTA Safety &amp; Contracts group plays a critical role in procuring contracts and managing contractual issues for all our various land transport projects.</p><p></p><p>You will work on a diverse range of IT &amp; Other Systems; Transport Systems; and/or Electrical &amp; Mechanical Services contracts. Your key role is to ensure contract governance, and all tender and contract administration processes comply with the LTA’s requirements and procedures.</p><p></p><p>You will be involved in preparing cost estimates for new projects / initiatives / feasibility studies, drafting tender documents, evaluating tenders, administrating contracts (e.g. processing of payments, valuation of variations, assessment of claims) and providing contractual advice to project teams.</p><p></p><p><strong>",Land Transport Authority,Engineering
31,"[LTA-IDE] ENGINEER, CIVIL & STRUCTURES","</strong></p>ENGINEER, CIVIL &amp; STRUCTURES<p></p><p><strong> </strong></p><ul><li><p><span>Knowledge in Civil / Structural Engineering or equivalent</span></p></li><li><p><span>At least 3 years of relevant experience in Civil / Structural Engineering design with knowledge in structural design and construction of underground engineering works / bridges /rail</span></p></li><li><p><span>Keen interest in land transport infrastructure projects</span></p></li><li><p><span>Good analytical, communication and interpersonal skills</span></p></li><li><p><span>Candidates with strong relevant years of experience will be considered for senior roles</span></p></li></ul> </strong></p><p><span>You will be involved in the planning and design development of road and rail projects. You will conduct feasibility and engineering studies, review design submissions or carry out detailed civil and structural design for road / rail projects. </span></p><p></p><p><span>You will also be involved in management of design consultants, conducting project safety reviews and construction audits for major infrastructure projects, reviewing engineering standards as well as providing technical support to construction teams and other LTA technical divisions for project implementation.</span></p><p></p><p><strong>",Land Transport Authority,Engineering
32,"[LTA-TRO] PRINCIPAL / SENIOR EXECUTIVE, INVESTIGATIONS","</strong></p>PRINCIPAL / SENIOR EXECUTIVE, INVESTIGATIONS<p></p><p><strong> </strong></p><p>• Knowledge in any discipline;</p><p>• At least 2 years of relevant experience in investigations, intelligence or enforcement functions;</p><p>• Good communication, writing, interpersonal and analytical skills;</p><p>• Able to work independently and interact effectively with people;</p><p>• Meticulous, resourceful and has strong experience in a dynamic, information-intensive and time-sensitive environment; and</p><p>• Good knowledge of Microsoft Outlook, Microsoft Office, including Word, Excel and Power Point</p><p></p><p><span>As part of the shortlisting process for the role, you may be required to complete a medical declaration and /or undergo further assessment.</span></p> </strong></p><p>As part of the Investigations and Intelligence team, you are responsible for investigative and analysis functions within the Division. Apart from investigations into violations of the Road Traffic Act, other Acts under LTA’s charge and their subsidiary legislations, this role requires you to be proficient in identifying trends, patterns and potential threats and perform key functions such as data analysis, preparing of intelligence reports and collating intelligence data. Part of your work will involve collaboration with external agencies and exploring new technologies to enhance data analytics and streamline intelligence processes.  </p><p></p><p><strong>",Land Transport Authority,Enforcement
33,"[LTA-TRO] DEPUTY MANAGER, ENFORCEMENT POUND OPERATIONS","</strong></p>DEPUTY MANAGER, ENFORCEMENT POUND OPERATIONS<p></p><p><strong> </strong></p><ul><li><p>Strong interpersonal and communication skills with the ability to interact well with all levels of staff.</p></li><li><p>Able to work independently and is a good team player.</p></li><li><p>Detail-oriented, resourceful, and analytical, with strong problem-solving abilities and experience in project and contract management. Highly self-motivated.</p></li><li><p>Proficient in Microsoft office applications and has a flair for numbers.</p></li><li><p>Have at least 5 years&#39; experience in public sector and preferably involved in operational and government procurement-related work.</p></li></ul><p></p><p>As part of the shortlisting process for the role, you may be required to complete a medical declaration and / or undergo further assessment.</p> </strong></p><p>We are seeking a dynamic and motivated individual with strong operational and contract management skills to join the Enforcement Engagement &amp; Training Division (EFET). EFET plays a key role in supporting the divisions’ operations under the Enforcement Subgroup in engagement, logistics, training, staff development, and tactical enforcement This role is to manage the Pound Operations section and responsibilities include:</p><p></p><ul><li><p>Oversee daily pound operations, ensuring proper documentation, adherence to procedures, and coordination with relevant internal stakeholders from Enforcement and Investigation divisions, including fee collection and vehicle release processes.</p></li><li><p>Oversee towing operations, including liaison with the contractor, operational coordination, and compliance with service standards.</p></li><li><p>Handle contract management and manage end-to-end procurement processes for pound and towing, including the preparation of tender documents, evaluation of bids, and recommendation of awards when required.</p></li><li><p>Formulate and execute a regular audit plan for both pound and towing operations, including the investigation into operational lapses.</p></li><li><p>Review and implement improvements to operational workflows to enhance efficiency.</p></li></ul><p></p><p>As part of the portfolio, you will be required to work closely with multiple stakeholders across departments, requiring strong interpersonal skills, attention to detail, and a solid understanding of public procurement frameworks.</p><p></p><p><strong>",Land Transport Authority,Training and Development
34,"[LTA-TRO] EXECUTIVE/ ENGINEER, ASSET STEWARD & MGMT (ROADS)","</strong></p>[LTA-TRO] EXECUTIVE/ ENGINEER, ASSET STEWARD &amp; MGMT (ROADS)<p></p><p><strong> </strong></p><ul><li><p>Knowledge in Mechanical engineering</p></li><li><p>Knowledge and experience in M&amp;E equipment such as lifts, escalators, pumps, ACMV, fire protection system.</p></li><li><p>Relevant experience in handing customer feedback will be an added advantage</p></li><li><p>Good writing, communication and interpersonal skill</p></li></ul><p></p><p>As part of the shortlisting process for the role, you may be required to complete a medical declaration and / or undergo further assessment.</p> </strong></p><p>You will assist in management, maintenance planning and rectification of commuter facilities Mechanical &amp; Electrical (M&amp;E) equipment in pedestrian underpasses, pedestrian overhead bridges and vehicle underpasses. You will also assist in preparation of tender specifications, managing and supervising commuter facilities M&amp;E equipment enforcing safety requirements base on code and requirement – site activities, as well as carrying out quality/quality audit checks on works on site. Investigation of any lifts and escalators accidents.  This will also include the management of feedback from the public, other government agencies and private developers.</p><p></p><p><strong>",Land Transport Authority,Engineering
35,"[LTA-TRO] EXEC/ SENIOR/ PRINCIPAL ENGINEER, INTELLIGENT TPT SYSTEMS DEV","</strong></p>[LTA-TRO] EXECUTIVE/ SENIOR/ PRINCIPAL ENGINEER, INTELLIGENT TRANSPORT SYSTEMS DEVELOPMENT<p></p><p><strong> </strong></p><ul><li><p>Knowledge in Engineering or Computer Science</p></li><li><p>At least 3 years of working experience in IT Security. Candidates with requisite skills and experience might be considered for senior roles.</p></li><li><p>Deep understanding and hands-on experience of security tools and technologies, such as Security Information and Events Management, Data Loss Prevention, Database Activity Monitoring, Data Security and Protection, Privileged Access Management, File Integrity Monitoring, Web Application Firewall, Intrusion Prevent etc</p></li><li><p>Experience in security architecture of cloud native applications and/or OT systems</p></li><li><p>Candidates with strong knowledge and experience in information and cybersecurity risks, controls, vulnerability assessment/penetration testing, digital forensic, compliance and industry IT/cyber security best-practices preferred.</p></li><li><p>Professional accreditation such as CISSP, CISM, CRISC, GICSP and GCIH would be advantageous.</p></li><li><p>Good analytical, problem-solving and critical thinking skills.</p></li></ul><p></p><p>As part of the shortlisting process for the role, you may be required to complete a medical declaration and / or undergo further assessment.</p> </strong></p><p>Play a part to ensure efficient and traffic operations in Singapore. You will be part of a team to overseeing the cybersecurity solution, architecture and incident response for the operational technology (OT) and information technology (IT) systems for traffic and road systems in Land Transport System.</p><ul><li><p>Design and develop OT and IT security architectures that align with business objectives and compliance requirements</p></li><li><p>Provide expert security consultancy to project teams and senior management on complex security challenges</p></li><li><p>Conduct security architecture and design reviews and risk assessments OT and IT systems, and provide remediation recommendations</p></li><li><p>Assist in security architecture governance processes and ensure compliance with security frameworks and standards</p></li><li><p>Evaluate emerging infrastructure and security technologies and make recommendations for adoption</p></li><li><p>Develop innovative approaches to address complex security challenges</p></li></ul><ul><li><p>Assist in coordinating the response and investigation efforts during cybersecurity incidents.</p></li></ul><p></p><p><strong>",Land Transport Authority,Engineering
36,"[LTA-RSE] EXECUTIVE/ ENGINEER, ROLLING STOCK & DEPOT ENGINEERING (RAIL DEPOT)","</strong></p>EXECUTIVE / ENGINEER (ELECTRICAL/MECHANICAL) ROLLING STOCK &amp; DEPOT ENGINEERING (RAIL DEPOT)<p></p><p><strong> </strong></p><p><span>• Background knowledge in Electrical / Electronic /Mechanical Engineering. Kowledge of data analytics is a plus </span></p><p><span>• Keen interest in Railway systems and eagerness to learn the engineering design of trains and depots </span></p><p><span>• Self-driven and possess the initiative to work independently </span></p><p><span>• Willingness to participate in site works such as testing and commissioning activities, including shift works on weekends and public holidays </span></p><p><span>• Available for overseas travel for testing and quality inspection </span></p><p><span>• Good communication, presentation, and inter-personal skills </span></p><p><span>• Those with relevant experience may be considered for senior position</span><br /><br /><span>As part of the shortlisting process for the role, you may be required to complete a medical declaration and / or undergo further assessment.</span></p> </strong></p><p><span>You will work with a team of engineers focusing on engineering aspects of Rolling Stock and depot equipment. The projects you will be working on include LRT trains, specialised track maintenance vehicles (locomotives, wagons, rail grinding vehicles, etc.), rail depot equipment (automatic train wash plant, automatic storage retrieval system, underfloor wheel-lathe, etc.) and bus depot equipment (automatic bus wash system, bus testing and maintenance equipment, etc.) </span></p><p></p><p><span>You will have the opportunities to work on developing technical specifications, reviewing design submissions from suppliers and exploring engineering initiatives to improve reliability, operation and maintenance of the Rolling Stock and depot equipment. You will also need to work closely with cross functional teams from different disciplines within LTA, as well as with Railway Operators and contractors to provide support to project teams at various stages.</span></p><p></p><p><strong>",Land Transport Authority,Engineering
37,"[LTA-P&C] DEPUTY / ASSISTANT MANAGER, CONTRACTS (CIVIL)","</strong></p>DEPUTY / ASSISTANT MANAGER, CONTRACTS (CIVIL) (PROJECT AND FACILITIES MANAGEMENT)<p></p><p><strong> </strong></p><p>• Knowledge in Building / Project and Facilities Management / Quantity Surveying / Infrastructure and Project Management<br />• Experience in cost estimation, contract administration or project management of multi-disciplinary engineering / construction projects<br />• Good knowledge of standard conditions of contracts specific to engineering or construction projects<br />• Ability to work well in a team<br />• Good verbal and written communication skills<br />• Those without working experience are welcome to apply</p><p></p><p>As part of the shortlisting process for the role, you may be required to complete a medical declaration and / or undergo further assessment.</p> </strong></p><p>With our increasing number of rail and road projects, there are always new contracts being called in order to keep Singapore&#39;s public transport system going and growing. LTA Safety &amp; Contracts group plays a critical role in managing and resolving contractual issues for our various land transport projects. </p><p></p><p>You will work on a diverse range of contracts for road and rail projects including the construction of stations, tunnels and viaducts. You will play a critical role, in our drive to ensure that the contracts with our vendor partners are administered in line with contract provisions and proper procedures. You are required to navigate matters on cashflow / budgetary forecasts, review of contractual arrangements, procurement and tender document preparation, cost data analysis, award of civil contracts, payment, claims and variation orders in addition to post-award contract administration. </p><p></p><p><strong>",Land Transport Authority,Engineering
38,"[LTA - PT] DEPUTY/ASSISTANT MANAGER, BUS STOP COORDINATION","</strong></p>Deputy/Assistant Manager, Bus Stop Coordination<p></p><p><strong> </strong></p><ul><li><p>Knowledge in any discipline.</p></li></ul><ul><li><p>Preferably 2 years of relevant working experience preferably in the project management, operations or related field.<br /> </p></li><li><p>Strong analytical, communication, writing and presentation skills with attention to details.Excellent interpersonal skills and confidence in liaising with stakeholders across all organisational levels.<br /> </p></li><li><p>Creative, hands-on individual who is comfortable with regular site visits and hands-on fieldwork, with an excellent ability to manage multiple priorities in a dynamic environment.</p></li></ul><ul><li><p>Fresh graduates and candidates without experience are also welcome to apply.<br /> </p></li></ul><p>As part of the shortlisting process for the role, you may be required to complete a medical declaration and / or undergo further assessment.</p> </strong></p><p>The Bus Infrastructure Asset Steward, Operation &amp; Management Division is responsible for the operations, maintenance and management of bus infrastructure, to ensure smooth bus operations and upkeep commuter experience.</p><p></p><p>You will be part of a dynamic team to coordinate bus stop infrastructure works, creating value for public transport users by contributing to enhanced experiences at bus stops We are looking for a dynamic individual with strong communication and coordination skills to join our team.</p><p></p><p>You will play a key role in:</p><ul><li><p>Coordinating on bus stop matters, collaborating closely with bus network planners, government agencies, project teams of major road and rail developments to manage the complete life cycle of bus stops, from initial location planning to full operationalisation.</p></li></ul><p></p><ul><li><p>Driving the pre-construction coordination works prior to implementation, which includes tracking bus stop implementation dates and ensuring builder/project team completes the bus stop to meet both operational and commuter needs.</p></li></ul><p></p><ul><li><p>Managing budget projections, and oversee budget reviews for infrastructure-related works related to bus stops.</p></li></ul><p></p><ul><li><p>Studying bus stop-related initiatives and agency standards, helping to promote public transport usage with a user-centric approach.</p></li></ul><p></p><p><strong>",Land Transport Authority,Others
39,"[LTA-RLE&M] EXECUTIVE / PROJECT ENGINEER, SIGNALLING & PLATFORM SCREENDOOR","</strong></p>EXECUTIVE / PROJECT ENGINEER, SIGNALLING &amp; PLATFORM SCREEN DOOR<p></p><p><strong> </strong></p><p>• Knowledge in Electrical and Electronics Engineering / Computer Engineering<br />• Strong project management, decision making and leadership skills<br />• Positive Safety culture<br />• Good communication and presentation skills<br />• Good knowledge with LAN/WAN, routers, switches, firewalls, network management and security management<br />• Good written and verbal communication skills. Demonstrated interpersonal skills to coordinate and manage relationships with multiple stakeholders <br />• Team player who is analytical, resourceful, and result-oriented<br />• Relevant experience in large-scale infrastructure projects with relevant experience in safety, quality, contract, and programme management would be an advantage<br />• Able to perform occasional night works including weekends and public holidays<br />• Good appreciation of the constraints and interface requirements of civil, trackwork, electrical and mechanical works<br />• Candidates with more years of relevant experience (e.g. in Railway signalling and/or railway project management) will be considered for senior positions<br />• Those without working experience are welcome to apply</p><p></p><p>As part of the shortlisting process for the role, you may be required to complete a medical declaration and / or undergo further assessment</p> </strong></p><p>You will have the opportunity to work on Un-manned Communication Based Train Control (CBTC) signalling systems. The signalling system supervises and manages trains movement and control the railway traffic, it enables continuous and timely operation as well as ensuring safe and efficient driverless train operations. You will play a lead role in managing international contractors for the supply, design, manufacture, install, test and commission of the Signalling and Platform Screen Doors systems for both the new MRT Lines as well as extension/enhancement to Existing MRT Lines in Singapore.</p><p>You will be involved in design review, supervision of equipment delivery and installation, involves in overseas and on-site testing and commissioning. You are expected to be familiar with local safe work practices as well as to develop a good understanding of the system design. You are required to work closely with contractors to manage and monitor the project deliverables as well as in ensuring the safety, quality, and progress of the project works. You will be involved in reviewing and managing project risks and cashflows as well as issuance of engineering instructions and conduct assessment of projects variations/ payments/ claims. You will collaborate with various parties, i.e. contractors, designers, architects, stakeholders from different agencies and appointed Railway Operators to ensure that the projects are well coordinated. </p><p></p><p><strong>",Land Transport Authority,Engineering
40,[LTA-RAOM] SENIOR / EXECUTIVE ENGINEER (DATA STANDARDS AND INFORMATION),"</strong></p>[LTA-RAOM] SENIOR / EXECUTIVE ENGINEER (DATA STANDARDS AND INFORMATION)<p></p><p><strong> </strong></p><p><span>• Knowleddge in Electrical, Electronics Engineering, Computer Science, Sustainable Infrastructure Engineering, or an equivalent field.</span><br /><span>• Excellent writing, presentation, communication, and interpersonal skills.</span><br /><span>• Team player with critical and logical thinking skills, able to work independently when necessary.</span><br /><span>• Familiarity with IT network and infrastructure, including experience with servers, data storage implementation, IT applications, cloud technologies, and big data technologies is a plus.</span><br /><span>• Previous experience in railway system design, operation, and maintenance will be an advantage.</span><br /><span>• Knowledge or experience with Building Information Modeling (BIM) processes or data standards will be an added advantage.</span></p><p><br /><span>The successful candidate will have the opportunity to work on a critical system that will help ensure the safety and reliability of our railway network. If you are a proactive and results-driven individual with a passion for excellence, we strongly encourage you to apply for this position.</span></p><p></p><p><span>As part of the shortlisting process for the role, you may be required to complete a medical declaration and / or undergo further assessment.</span></p> </strong></p><p><span>An exciting opportunity has arisen for a highly capable individual to join our asset management team in the development of an integrated Rail Asset Data Management. This role will be instrumental in achieving a comprehensive understanding of railway assets, including their performance and condition, to support our asset management functions.</span></p><p><br /><span>As a key member of the team, you will work collaboratively with cross-functional teams from various disciplines within LTA, rail operators, contractors, and system manufacturers to ensure seamless integration of the Rail Asset Data Management with various systems across the rail network.</span><br /><br /><span>Moreover, you will play an essential role in ensuring data quality requirements are met and operationalized for the Rail Asset Data Management. This includes understanding and implementing best practices for data quality assurance, such as data cleansing, validation, and enrichment techniques. You will work closely with stakeholders to define data quality standards, monitor data quality metrics, and implement corrective actions as necessary to maintain high levels of data integrity and reliability within the framework.</span></p><p></p><p><strong>",Land Transport Authority,Engineering
41,"[LTA-ITCD] SENIOR MANAGER / MANAGER,  CYBERSECURITY","</strong></p>SENIOR MANAGER / MANAGER, CYBERSECURITY<p></p><p><strong> </strong></p><ul><li>Knowledge in Computer Science, Cybersecurity or equivalent.</li><li>Singapore citizen with at least 8 years of cybersecurity experience</li><li>Professional certifications such as GCISP, CISM, CISSP, CRISC, CGEIT, CEH and CISA would be advantageous.</li><li>Strong knowledge in cloud security and Microsoft Sentinel.</li><li>Excellent communication, written and interpersonal skills, and confident to engage senior management.</li><li>Self-motivated and willing to keep abreast of new developments in cybersecurity and related domains.<br /><br /><span>As part of the shortlisting process for the role, you may be required to complete a medical declaration and / or undergo further assessment.</span></li></ul> </strong></p><p>You will lead and oversee the Security Operations for enterprise systems which include managing the enterprise-wide security monitoring programme. You will drive stakeholder engagement and adoption of enterprise-wide security initiatives.</p><ul><li>Develop and implement SOC strategies, policies, and procedures</li><li>Lead in monitoring and responding to security incidents</li><li>Establish SOC performance metrics and maintain service level agreements</li><li>Oversee the continuous improvement of detection and response capabilities</li><li>Ensure efficient SOC operations and incident response readiness</li><li>Review, enhance and maintain the architecture for security logs collection and analysis.</li><li>Define log ingestion requirements and standards for various systems and applications</li><li>Oversee the onboarding of security logs from different business units and systems</li><li>Ensure proper log retention, archival, and compliance with data protection requirements</li><li>Optimise log collection and correlation rules for effective threat detection</li><li>Develop and execute stakeholder engagement strategies</li><li>Conduct regular briefings and workshops with various stakeholders</li><li>Perform regular reporting on Enterprise Security operations</li><li>Evaluate and recommend security monitoring tools and technologies</li><li>Implement automation to improve operational efficiency</li></ul><p></p><p><strong>",Land Transport Authority,"InfoComm, Technology, New Media Communications"
42,"[LTA-TRO] EXECUTIVE, WARRANT ENFORCEMENT (1-YEAR TEMPORARY CONTRACT)","</strong></p>EXECUTIVE, WARRANT ENFORCEMENT (1-YEAR TEMPORARY CONTRACT)<br><br>You will be assisting Deputy Manager, Violation Management in the execution of daily operations of the Warrant Enforcement Section.<p></p><p><strong> </strong></p><ul><li><p>Knowledge in any discipline, preferably in enforcement</p></li><li><p>Proficient in MS Office applications</p></li><li><p>Good office operations, coordination skillset and able to work independently and as a team</p></li><li><p>Pleasant personality with good communication and interpersonal skills</p></li><li><p>Able to engage and handle members of public face to face and via phone calls</p></li><li><p>On-the-job training will be given on usage of internal systems</p></li></ul><p></p><p><span>As part of the shortlisting process for the role, you may be required to complete a medical declaration and /or undergo further assessment.</span></p> </strong></p><p><span>You will be part of the warrant enforcement team within the Violation Management Division handling warrant of arrest (WA) matters. You will be required to assist the team in areas such as, but not limited to, administrative duties, counter operations and preparations of ops. You will also be required to handle phone/email enquiries with members of public, related to the WA issued. You may be required to liaise with internal and external stakeholders on WA-related matters.<br /><br /></span></p><p></p><p><strong>",Land Transport Authority,Enforcement
43,"[LTA-PT] DEPUTY / ASSISTANT MANAGER, TRANSIT OPERATOR PERFORMANCE MANAGEMENT","</strong></p>Deputy/Assistant Manager, Transit Operator Performance Management<p></p><p><strong> </strong></p><p><span>• </span><span>Knowledge in </span><span>Engineering</span><span>.</span><span> </span><br /> </p><p><span>• Proficient in MS Office (i.e., Excel, Outlook, PowerPoint, Word). Proficiency in data </span><span>visualisation</span><span>/ analytics tool, or robotic process automation will be an </span><span>advantage</span><span>.</span><span> </span><br /> </p><p><span>• At least 3 years of design or O&amp;M experience in large-scale infrastructure projects, preferably in the railway </span><span>industry</span><span>.</span><br /><span><span> </span></span></p><p><span>• Ability to engage and manage multiple internal and external </span><span>stakeholders</span><span>.</span><br /><span><span> </span></span></p><p><span>• Self-motivated, astute, meticulous, and </span><span>resourceful</span><span>.</span><br /><span><span> </span></span></p><p><span>• Good communication (both oral and written) as well as presentation </span><span>skills</span><span>.</span><br /><span><span> </span></span></p><p><span>• Familiarity with relevant local railway and building regulations, codes and standards will be an </span><span>advantage</span><span>.</span><br /><span><span> </span></span></p><p><span>• Candidates with very good relevant experience may be considered for more senior </span><span>positions</span><span>.</span><br /> </p><p><span>• Those without working experience are welcome to </span><span>apply</span><span>.</span></p><p></p><p><span>As part of the shortlisting process for the role, you may be required to complete a medical declaration and / or undergo further assessment.</span></p> </strong></p><p><span>The Transit Operator Performance Management (TOPM) division is responsible for managing the rail operator’s performance in terms of operations and maintenance of MRT systems, to ensure high reliability and availability of train service. We are looking for a dynamic and motivated individual to join the team and take on the challenge of managing the rail operator’s performance. </span></p><p></p><p><span>You will play a key role in: </span><br /> </p><p><span>a) Planning and conducting audits on Operations and Maintenance (O&amp;M) processes and executions covering the various rail systems (</span><span>e.g.</span><span> Rolling Stock, </span><span>Signalling</span><span>, Communications, Mechanical and Electrical services, </span><span>etc</span><span>) to ensure that the rail operators comply with the correct procedures, work instructions and other relevant contractual requirements; </span><br /> </p><p><span>b) Managing other contractual matters and O&amp;M issues such as assessment of contract variations/ claims, managing contract budget, investigation of incidents/ service delays, </span><span>etc</span><span>; </span><br /> </p><p><span>c) Liaising with various internal and external stakeholders on issues pertaining to design review, system interface, testing and commissioning, emergency exercises, etc.</span></p><p></p><p><strong>",Land Transport Authority,Others
44,"[LTA-PT] ASSISTANT MANAGER, BUS OPERATIONS","</strong></p>Assistant Manager, Bus Operations<p></p><p><strong> </strong></p><ul><li><p>Knowledge in Computer Science, Information Technology or related fields.<br /> </p></li><li><p>Strong written, communication and interpersonal skills.  <br /> </p></li><li><p>Ability to work collaboratively in a cross-functional team environment.<br /> </p></li><li><p>Strong interest in driving business change using technology and data.<br /> </p></li><li><p>Experience with data analytics tools (Power BI, Tableau, Python) will be an advantage.</p></li></ul><p><br />As part of the shortlisting process for the role, you may be required to complete a medical declaration and / or undergo further assessment.</p> </strong></p><p>You will be part of the team to oversee bus safety governance and audit matters for public bus operations:</p><ul><li><p>Coordinate and provide secretariat support for bus safety meetings involving internal and external stakeholders.<br /> </p></li><li><p>Conduct statistical analysis of public bus accidents to generate management reports for safety improvement and mitigation measure recommendations.<br /> </p></li><li><p>Curate quarterly Bus Safety Bulletins to highlight emerging public bus safety issues, industry best practices, and proposed mitigation measures.<br /> </p></li><li><p>Arrange public engagements/ initiatives on bus safety to raise awareness and create educational materials for community groups and schools.<br /> </p></li><li><p>Organise annually and biennially the Bus Safety Roadshow and Public Transport Safety and Security Award Day respectively.<br /> </p></li><li><p>Conduct Bus Safety audits, Quality of Service audits, Fare Evasion audits and Incident Management audits, to ensure adherence to established standards.<br /> </p></li><li><p>Attend to feedback/ complaints/ suggestions from commuters, bus operators, and members of public on matters pertaining to bus safety operational matters.</p></li></ul><ul><li><p>Perform any other duties assigned by the Reporting Officer.</p></li></ul><p></p><p><strong>",Land Transport Authority,Others
45,"[LTA-NXG] DEPUTY / ASSISTANT MANAGER, ERP OPERATIONS","</strong></p>DEPUTY / ASSISTANT MANAGER, ERP OPERATIONS<p></p><p><strong> </strong></p><p><span>• Knowledge in Computer Science and Information Technologies or Engineering is preferred. </span></p><p><span>• Keen interest in operational works with critical IT systems. </span></p><p><span>• Highly motivated and ability to work independently.</span></p><p><span>• Good analytical and problem-solving skills. </span></p><p><span>• Candidates with experience in data analytics will be an advantage. </span></p><p><span>• An effective communicator with good writing skills.</span></p><p><span>• Those without working experience are welcome to apply. </span><br />As part of the shortlisting process for the role, you may be required to complete a medical declaration and / or undergo further assessment.</p> </strong></p><p><span>You will be part of the core team operating the Electronic Road Pricing (ERP) system. You will ensure smooth operation of the ERP system, including managing operational and technical matters, reviewing operations KPIs and data analytic. You will also be given the responsibilities to project manage system, process and service enhancements initiatives. </span></p><p></p><p><span>As part of the operations team, you will also be involved in the Next Generation ERP System, including establishing new processes and workflows, legislations and conducting system user acceptance testing. You are expected to provide operational leadership and work closely with internal stakeholders and contractors in performing your roles. You should have the aptitude for customer service in handling public feedback and enquiries, driving changes and improvement in a process-oriented environment involving multiple stakeholders.</span></p><p></p><p><strong>",Land Transport Authority,Others
46,"[LTA-RLE&M] ASSISTANT PROJECT ENGINEER, RAIL COMMUNICATIONS","</strong></p>ASSISTANT PROJECT ENGINEER, RAIL COMMUNICATIONS<p></p><p><strong> </strong></p><p>• Diploma in Electrical and Electronics Engineering<br />• Good appreciation of the constraints and interface requirements of civil, trackwork, electrical and mechanical works<br />• Good communication and presentation skills<br />• Team player who is analytical, resourceful and result-oriented<br />• Able to perform night works and overtime including weekends and public holidays</p><p>• Those without working experience are welcome to apply</p><p></p><p>As part of the shortlisting process for the role, you may be required to complete a medical declaration and / or undergo further assessment</p> </strong></p><p>You will be involved in supervising the project implementation of Rail Communications System contracts for MRT projects. You will support the daily running of the site under guidance of the engineer/manager. You will conduct inspection of testing and commissioning activities to ensure that safety, progress, and quality of the work comply with the contract and regulatory requirements. You will be able to develop a good understanding of site supervision on safety and quality aspects. You will understand the requirements of project implementation, method of construction and review Method Statements submitted by the contractors to ensure compliance with the contract and LTA specifications.</p><p></p><p><strong>",Land Transport Authority,Engineering
47,"[LTA-TRO] LEAD SOFTWARE DEVELOPER, TRAFFIC & ROAD INFO TECH","</strong></p>[LTA-TRO] LEAD SOFTWARE DEVELOPER, TRAFFIC &amp; ROAD INFORMATION TECHNOLOGY<p></p><p><strong> </strong></p><ul><li><p><strong>Technical Skills</strong></p><ul><li><p>Knowledge in Computer Science, Software Engineering, Data Science, or related field, or equivalent practical experience. Minimum 5-7 years of proven experience in software engineering roles with at least 3 years in cloud-based development. 2 or more years of experience in developing AI/ML solutions will be a plus.</p></li><li><p>Strong foundation in computer science fundamentals and software design patterns.</p></li><li><p>Excellent understanding of software development methodologies including Agile and DevOps practices as well as CI/CD pipelines tools (GitLab CI, Github workflows, Jenkins).</p></li><li><p>Full-stack development mastery:</p></li><li><p>Frontend: React or other modern JavaScript frameworks</p></li><li><p>Backend: NodeJS, Python, Golang</p></li><li><p>Databases: SQL and NoSQL systems</p></li></ul></li></ul><ul><li><p><strong>AI &amp; Machine Learning Knowledge</strong></p><ul><li><p>Knowledge of machine learning frameworks (TensorFlow, PyTorch, Scikit-learn) and AI development lifecycle.</p></li><li><p>Knowledge of MLOps practices including model versioning, deployment, and monitoring.</p></li><li><p>Knowledge of cloud AI services and APIs for computer vision, natural language processing, and predictive analytics.</p></li></ul></li></ul><ul><li><p><strong>Cloud &amp; Agile Expertise</strong></p><ul><li><p>Experience with major cloud platforms (AWS, Azure, GCP) and knowledge of their AI/ML services.</p></li><li><p>Strong understanding of containerisation technologies (Docker, Kubernetes) and microservices architecture.</p></li><li><p>Experience with agile project management tools (Jira, Azure DevOps, Trello).</p></li></ul></li></ul><ul><li><p><strong>Leadership &amp; Communication</strong></p><ul><li><p>Abie to lead cross-functional agile teams and mentor developers in both traditional and AI development practices.</p></li><li><p>Excellent communication skills with ability to explain complex technical concepts to non-technical stakeholders.</p></li><li><p>Experience facilitating agile ceremonies and promoting agile principles.</p></li></ul></li></ul><ul><li><p><strong>Personal Qualities</strong></p></li></ul><ul><li><p>Strategic problem-solver with ability to break down complex challenges.</p></li><li><p>Outcome-driven approach in formulating a structured solution.</p></li><li><p>Collaborative mindset with strong project ownership.</p></li><li><p>Self-motivated learner with passion for technology.</p></li><li><p>Excellent communicator capable of engaging with diverse stakeholders.</p></li><li><p>Natural mentor who elevates team performance.</p></li></ul><p></p><p>As part of the shortlisting process for the role, you may be required to complete a medical declaration and / or undergo further assessment.</p> </strong></p><p>We are seeking an experienced Lead Software Developer to spearhead the development of cloud-based software solutions with a focus on AI-driven applications and agile delivery methodologies. This role combines hands-on technical leadership with strategic oversight of development initiatives, requiring expertise in modern cloud technologies, AI integration, and proven ability to guide agile development teams.  The new IT systems will serve LTA, contractors and government agencies for efficient road and traffic operations and seek to improve the journey of commuters and motorists.</p><p></p><ul><li><p><strong>Technical Leadership and Software &amp; AI Development</strong></p><ul><li><p>Pioneer technological solutions through rapid prototyping and proof-of-concept development.</p></li><li><p>Lead the design and development of scalable, resilient cloud-native applications incorporating AI capabilities using modern frameworks and architectures that suits the users’ needs.</p></li><li><p>Provide technical guidance to development teams and establish coding standards, best practices, and development methodologies.</p></li><li><p>Craft high-quality, maintainable code that addresses real user needs. Build and maintain robust automated testing frameworks and CI/CD pipelines.</p></li><li><p>Drive technical excellence through code reviews and best practice implementation and ensure adherence to quality standards whilst mentoring junior and mid-level developers in both traditional development and AI implementation.</p></li><li><p>Create comprehensive technical documentation and architectural decision records.</p></li></ul></li></ul><ul><li><p><strong>Cloud Architecture &amp; AI Integration</strong></p><ul><li><p>Design and implement robust cloud-based solutions leveraging platforms such as AWS, Azure, or Google Cloud Platform.</p></li><li><p>Develop microservices architectures, containerised applications, and serverless solutions that incorporate AI capabilities.</p></li></ul></li></ul><ul><li><p><strong>Agile Leadership &amp; Collaboration</strong></p><ul><li><p>Champion agile methodologies within the development team.</p></li><li><p>Lead daily stand-ups, sprint planning, retrospectives, and sprint reviews.</p></li><li><p>Collaborate with product owners, scrum masters, designe</p></li><li><p>ical solutions with rapid iteration cycles to deliver user-centric solutions.</p></li><li><p>Foster a culture of continuous improvement and adaptive planning.</p></li></ul></li></ul><p></p><p><strong>",Land Transport Authority,Engineering
48,[LTA-RSE] EXECUTIVE ENGINEER / ENGINEER (QUALITY ASSURANCE),"</strong></p>EXECUTIVE ENGINEER / ENGINEER (QUALITY ASSURANCE)<p></p><p><strong> </strong></p><p>•            Background knowledge in Information Technology or Engineering</p><p>•            Understanding of system implementation lifecycle with preferably at least 1 project involving all software delivery lifecycle phases</p><p>•            Savviness with technology and daring to try innovative solutions;</p><p>•            Good written and verbal communication skills</p><p>•            Able to work well both independently as well as in a team</p><p>•            Internships in DevSecOps and/or Application Lifecycle Management would be an advantage</p><p></p><p>As part of the shortlisting process for the role, you may be required to complete a medical declaration and / or undergo further assessment.</p> </strong></p><p>As part of the Quality Assurance team, you will analyse and establish the users’ requirement for software delivery processes compliant to DevSecOps framework. You will work with various stakeholders from within and outside the organization to deliberate on and rationalize through the software creation and delivery process requirements and implement within the Application Lifecycle management (ALM) system.</p><p></p><p>You will get to understand how Singapore’s bus and rail ticketing payment systems are implemented and delivered. You will also understand the standards for software development and review the internal processes for adherence to the standards.</p><p></p><p>You will fit well into this job if you are a people person who likes to interact, think, write systematically, and understand the software delivery process.</p><p></p><p><strong>",Land Transport Authority,"InfoComm, Technology, New Media Communications"
49,[LTA-RAOM] SENIOR / EXECUTIVE / ENGINEER (AMDA - DATA STRATEGY & SYSTEM),"</strong></p>SENIOR / EXECUTIVE / ENGINEER (AMDA - DATA STRATEGY &amp; SYSTEM)<p></p><p><strong> </strong></p><p><span>• Knowledge in Electrical &amp; Electronics Engineering, Computer Science, Information Systems, Sustainable Infrastructure Engineering or equivalent<br />• Strong understanding of data governance framework<br />• Strong writing, presentation, communication and interpersonal skills<br />• Team player with critical and logical thinking capability and must be able to work independently<br />• Relevant knowledge and working experience will be an advantage:<br />- Railway system design, operation and maintenance<br />- Data governance/quality management and/or similar roles<br />- Asset Management and/or Maintenance management software solutions, processes and implementation.</span></p><p></p><p>As part of the shortlisting process for the role, you may be required to complete a medical declaration and / or undergo further assessment.</p> </strong></p><p><span>You will be part of the rail data strategy team to drive data governance initiatives and establish data management frameworks that ensure data quality, consistency and compliance to support the asset management functions.<br /><br />You will work closely with teams from different discipline within LTA, rail operators, contractors as well as system manufacturers to define, maintain and ensure adherence to data management policies and standards on the associated asset data and information in the rail network. You will also develop and implement data assessment framework and work with stakeholders to remediate data issues. You are also required to review technical submissions and participate in the installation, testing and commissioning for any relevant asset data management system.</span></p><p></p><p><strong>",Land Transport Authority,Engineering
50,"[LTA-TRO] EXECUTIVE/ ENGINEER, ASSET STEWARD & MGMT (TUNNELS)","</strong></p>[LTA-TRO] EXECUTIVE/ ENGINEER, ASSET STEWARD &amp; MANAGEMENT (TUNNELS)<p></p><p><strong> </strong></p><ul><li><p>Knowledge in Computer Science, Electronics Engineering, or relevant engineering disciplines</p></li><li><p>Good writing, communication, and interpersonal skills</p></li><li><p>High motivation with a dynamic approach to problem-solving</p></li><li><p>Ability to perform occasional night work, including weekends</p></li><li><p>Experience with contract management and maintenance management software will be an advantage</p></li><li><p>Candidates without experience are welcome to apply</p></li></ul><p></p><p>As part of the shortlisting process for the role, you may be required to complete a medical declaration and /or undergo further assessment.</p> </strong></p><p>You will be part of the Traffic and Road Operations Group, responsible for managing and maintaining road tunnel traffic management system assets to ensure a safe environment for road users.</p><p></p><p>In this role, you will be involved in maintenance contract management and system implementation, including site supervision, design review, installation, testing, and commissioning. You will collaborate with key stakeholders to maintain traffic management systems and ensure optimal operational performance.</p><p></p><p>Your key responsibilities include:</p><ul><li><p>Planning, coordinating, and supervising maintenance and project activities to ensure conformance to specifications, safety standards, statutory regulations, and operational and maintenance requirements</p></li><li><p>Conducting regular site inspections to ensure contractor work is executed according to contract specifications and timelines</p></li></ul><p></p><p><strong>",Land Transport Authority,Engineering
51,"[LTA-RAOM] SNR / EXEC / ENGINEER, ASSET MGMT (SYSTEMS & PLANNING)","</strong></p>[LTA-RAOM] SNR / EXEC / ENGINEER, ASSET MGMT (SYSTEMS &amp; PLANNING)<p></p><p><strong> </strong></p><p>- Knowledge in Electrical/Electronic/Mechanical/Systems engineering/Railway Engineering/Transport Related Engineering.</p><p>- Specialisations in Engineering Management/Physical Asset Management related disciplines like Life Cycle Management, Reliability/Quality Engineering/Management, Engineering Economy/Finance will be advantageous.</p><p>- Strong conceptualisation, analytical and planning abilities.</p><p>- Excellent writing, speaking and interpersonal skills, and ability to work as a valued team player.</p><p>- Self-motivated, resourceful, able to work independently.</p><p></p><p><span>As part of the shortlisting process for the role, you may be required to complete a medical declaration and / or undergo further assessment.</span></p> </strong></p><p>You will assist the management in managing and enhancing the rail asset management framework and ensuring compliance with relevant standards, particularly ISO 55000 series. The focus is on continuous improvement, audit and certification processes, competency development, compliance enforcement, and cost management:</p><p></p><p>a. Review, develop, and enhance LTA’s rail asset management framework, strategies, plans and processes to ensure alignment with organizational goals (LTA’s goals) and international standards (ISO 55000);</p><p></p><p>b. Support the achievement and maintenance of ISO 55001:2024 certification for rail asset management system. Conduct regular internal audits of LTA’s asset management system and continuously review and refine asset management procedures and processes;</p><p></p><p>c. Review, develop and enhance asset management competency programme and materials. Collaborate with other subject matter experts to ensure comprehensive coverage of topics and alignment with current industry standards and best practices;</p><p></p><p>d. Define and review the Asset Management and Maintenance related compliance conditions in the rail operating licences and contracts and work with rail operators to implement and enforce the Operators’ fulfilment of these requirements;  </p><p></p><p>e. Review submissions by rail operators to ensure they comply with the licence requirements; and</p><p></p><p>f. Establish visibility into lifecycle costs of rail systems and infrastructure. Enhance cost management of lifecycle costs and provide lifecycle costs data support to stakeholders </p><p></p><p><strong>",Land Transport Authority,Engineering
52,"[LTA – PT] MANAGER / DEPUTY MANAGER, SINGAPORE BUS ACADEMY","</strong></p>Manager/Deputy Manager, Singapore Bus Academy<p></p><p><strong> </strong></p><p>• Advanced Certificate in Training and Assessment (ACTA) or WSQ Advanced<br />Certificate in Learning and Performance (ACLP) is required.<br /> <br />• Candidates with Diploma in Adult and Continuing Education (DACE) or WSQ Diploma in Design and Development of Learning for Performance (DDDLP) with good curriculum development experience will have an added advantage.<br /> <br />• Passionate in Learning and Development and attentive to details.<br /><br />• Effective communication and written skills.<br /><br />• Proficient in MS Office (Word, PowerPoint and Excel).<br /><br />• Good time management and able to multi-task.<br /><br />• Effective project management and coordination.<br /> <br />• Candidates with relevant working experience in Adult Training on Blended<br />learning and WSQ/SSG framework or training centre operations will have an added<br />advantage.</p><p></p><p>As part of the shortlisting process for the role, you may be required to complete a medical declaration and / or undergo further assessment.</p> </strong></p><p><span>We seek passionate individuals to be part of our Singapore Bus Academy (SGBA) team to develop and deliver courses offered under the centralised academy and support the running of the academy dedicated to bus industry professionals.<br /><br />You will need to work with LTA divisions and external stakeholders, such as public transport operators, Institutes of Higher Learning and SkillsFuture Singapore, and external service providers/vendors to develop/revise the curriculum for new/existing courses under the Skills Framework for the public bus industry and conduct centralised training and assessment for bus employees from all public bus operators. You will also need to manage training operations and perform duties including fees setting, budgeting, documentation, project management and other responsibilities required for the running of the academy.<br /><br /></span></p><p></p><p><strong>",Land Transport Authority,Others
53,"[LTA-RLE&M] ASSISTANT PROJECT ENGINEER, CONTROL","</strong></p>ASSISTANT PROJECT ENGINEER, CONTROL<p></p><p><strong> </strong></p><p><span>• Diploma in Mechanical / Electrical / Electronics / Communications / Control Engineering <br />• Strong project management skills<br />• Good communication, written and interpersonal skills<br />• Able to perform shift and night work including weekends<br />• Those without working experience are welcome to apply</span></p><p></p><p><span>As part of the shortlisting process for the role, you may be required to complete a medical declaration and / or undergo further assessment</span></p> </strong></p><p><span>You will be part of the Rail Group (Electrical and Mechanical) project team and be assigned to work on the Integrated Supervisory and Control System (ISCS).</span><br /><span>You will have an opportunity to work on an integrated system with control centers that are designed to enable operators to supervise, control and coordinate the safe and efficient movement of passengers and trains. The major subsystems and equipment managed by ISCS include automatic train supervision, power supply, environmental control system, fire protection system, communications and passenger information systems.</span></p><p></p><p><strong>",Land Transport Authority,Engineering
54,"[LTA-TRO] SOFTWARE DEVELOPER, TRAFFIC & ROAD INFO TECH","</strong></p>[LTA-TRO] SOFTWARE DEVELOPER, TRAFFIC &amp; ROAD INFORMATION TECHNOLOGY<p></p><p><strong> </strong></p><ul><li><p><strong>Technical Foundation</strong></p><ul><li><p>Knowledge in Computer Science, Software Engineering, or related field, or equivalent practical experience. Prefer candidates with 2 years of experience in software engineering roles with exposure to cloud-based applications.</p></li><li><p>Solid understanding in programming fundamentals with proficiency in at least one modern programming language such as Python, JavaScript, Golang or similar.</p></li><li><p>Strong foundation in computer science concepts including:</p><ul><li><p>Data structures,</p></li><li><p>Algorithms,</p></li><li><p>Object-Oriented Programming principles</p></li></ul></li><li><p>Knowledge of database concepts (SQL, No-SQL) and CI/CD pipeline (GitHub workflows).</p></li><li><p>Familiar with web development technologies (HTML, CSS, JavaScript).</p></li><li><p>Understanding of software development lifecycle, API Design, DevOps principles, version control (Git), and testing methodologies.</p></li></ul></li><li><p><strong>Cloud &amp; AI Awareness</strong></p><ul><li><p>Basic experience with cloud platforms (AWS, Azure, GCP) and understanding of cloud services.</p></li><li><p>Familiarity with containerisation concepts (Docker) and API development.</p></li><li><p>Interest in AI/ML technologies with willingness to learn machine learning frameworks and cloud AI services.</p></li></ul></li><li><p><strong>Agile &amp; Collaboration Skills</strong></p><ul><li><p>Experience working in agile development environments using Scrum or Kanban methodologies.</p></li><li><p>Strong problem-solving abilities and attention to detail.</p></li><li><p>Good communication skills and ability to work effectively in a collaborative team environment.</p></li><li><p>Willingness to learn from senior team members and contribute to team knowledge sharing.</p></li></ul></li></ul><p></p><ul><li><p><strong>Personal Qualities</strong></p><ul><li><p>Strong analytical and thinking skills with a systematic approach to problem solving.</p></li><li><p>Self-motivated, independent and curious.</p></li><li><p>Receptive to feedback and mentorship from senior members.</p></li><li><p>Collaborative mindset with good communication skills.</p></li><li><p>Detailed oriented approach to coding with focus on writing clean, readable code.</p></li><li><p>Reliable and committed to delivering quality work within established timelines.</p></li></ul></li></ul><p></p><p><span>As part of the shortlisting process for the role, you may be required to complete a medical declaration and / or undergo further assessment.</span></p><p> </p><ul></ul> </strong></p><p>We are seeking a talented Software Developer to join our dynamic development team, working closely with our Lead Software Developer to build innovative cloud-based software solutions with AI capabilities. This role offers the opportunity to contribute to cutting-edge projects whilst developing expertise in modern cloud technologies, AI integration, and agile development practices. The new IT systems will serve LTA, contractors and government agencies for efficient road and traffic operations and seek to improve the journey of commuters and motorists.</p><p></p><ul><li><p><strong>Software Development &amp; AI Implementation</strong></p><ul><li><p>Develop and maintain scalable, resilient cloud-native applications using modern programming languages and frameworks.</p></li><li><p>Implement AI features by integrating machine learning models, APIs, and cloud AI services into production applications.</p></li><li><p>Write clean, maintainable, and well-documented code that addresses real user needs, following established coding standards and best practices.</p></li><li><p>Participate in code reviews, technical design discussions, architecture reviews and contribute to continuous improvement of development processes.</p></li><li><p>Contribute to robust automated testing frameworks and create comprehensive technical documentation and decision records.</p></li></ul></li></ul><ul><li><p><strong>Cloud Development &amp; Deployment</strong></p><ul><li><p>Build applications leveraging cloud platforms such as AWS, Azure, or Google Cloud Platform, utilising their core services and AI capabilities.</p></li><li><p>Develop microservices, containerised applications, and serverless functions as part of larger system architectures.</p></li><li><p>Collaborate with DevOps teams to deploy applications through CI/CD pipelines and monitor application performance in cloud environments.</p></li></ul></li></ul><ul><li><p><strong>Agile Team Participation</strong></p><ul><li><p>Actively participate in agile ceremonies including daily stand-ups, sprint planning, sprint reviews, and retrospectives.</p></li><li><p>Work collaboratively with the Lead Developer, product owners, and cross-functional team members to deliver features within sprint commitments.</p></li><li><p>Contribute to story estimation, task breakdown, and sprint goal achievement whilst embracing agile principles and continuous learning.</p></li></ul></li></ul><ul><li><p><strong>Learning &amp; Innovation</strong></p><ul><li><p>Stay current with emerging technologies in cloud development, AI/ML, and software engineering practices.</p></li><li><p>Participate in proof-of-concept development and technical spike investigations.</p></li><li><p>Contribute ideas for improving development processes, tools, and product features whilst building expertise in AI integration and cloud-native development.</p></li></ul></li></ul><p></p><p><strong>",Land Transport Authority,Engineering
55,"[LTA-TRO] MANAGER, ENFORCEMENT TRAINING","</strong></p>MANAGER (TRAINING), ENFORCEMENT ENGAGEMENT &amp; TRAINING (EFET)<p></p><p><strong> </strong></p><ul><li><p>Strong interpersonal and communication skills with the ability to interact well with all levels of staff.</p></li><li><p>Able to work independently and is a good team player.</p></li><li><p>Meticulous, resourceful and highly self-motivated.</p></li><li><p>Proficient in Microsoft office applications and has a flair for numbers.</p></li><li><p>Have at least 2 years of experience in Public Sector, preferably in the HR or training</p></li></ul> </strong></p><p>We are seeking a dynamic and motivated individual with strong analytical and communication skills to join the Enforcement Engagement &amp; Training Division (EFET). EFET plays a key role in supporting the divisions in the Enforcement Subgroup in alignment on workforce management. The team’s responsibilities include:</p><p></p><ul><li><p>Collaborate with HR and key stakeholders to review and implement competency frameworks and training roadmaps for enforcement.</p></li><li><p>Manage and review training courses and programmes to ensure that they remain relevant and align to the competency requirement and training needs.</p></li><li><p>Monitor and track staff training roadmap completion as part of their career progression.</p></li><li><p>Develop, review, update and implement job rotation/inter-posting initiatives for the ENF subgroup to support staff’s career progression.</p></li><li><p>Manage and coordinate with HR on WICA medical coverage and staff compensation.</p></li><li><p>Work closely with the Director and Deputy Directors on workforce operations support, such as monitoring of establishment and recruitment status.</p></li><li><p>Review, update, and manage staff empowerment to ensure staff are equipped with the necessary legislation that enables them to perform their duties and sustain operational efficiency.</p></li></ul><p></p><p>As part of the portfolio, you will be required to work closely with multiple stakeholders within LTA.</p><p></p><p>As part of the shortlisting process for the role, you may be required to complete a medical declaration and / or undergo further assessment.</p><p></p><p><strong>",Land Transport Authority,Training and Development
56,"[LTA-RL(E&M)] SENIOR / ASSISTANT PROJECT ENGINEER, RAIL (POWER SUPPLY)","</strong></p>SENIOR / ASSISTANT PROJECT ENGINEER, RAIL (POWER SUPPLY SYSTEM)<p></p><p><strong> </strong></p><p>• Diploma in Electrical / Power Engineering <br />• Possessing engineering experience and good knowledge of the fundamental of Power Supply System and principles of power electronics.<br />• Good communication, written and interpersonal skills<br />• Able to perform shift work including weekends<br />• Candidates with strong relevant years of experience will be considered for senior positions<br />• Those without experience are welcome to apply</p><p></p><p>As part of the shortlisting process for the role, you may be required to complete a medical declaration and / or undergo further assessment</p> </strong></p><p>You will be part of the project team to conduct inspection and supervise the construction activities to ensure that safety, progress, and quality of the work comply with the contract and regulatory requirements. You will monitor the progress of contractor&#39;s site activities and ensure timely completion of the work from delivery, installation and testing &amp; commissioning of system. You will participate in meetings and will be required to liaise with various parties, such as other project teams, contractors and other stakeholders to discuss project issues and any site-related matters. You will also be involved in statutory inspections conducted by external parties. </p><p></p><p>You will support the project team to maintain proper records, including drafting of daily and weekly reports for submission. <br /> </p><p></p><p><strong>",Land Transport Authority,Engineering
57,"[LTA-RLE&M] SENIOR / EXECUTIVE / PROJECT ENGINEER, POWER SUPPLY","</strong></p>SENIOR / EXECUTIVE PROJECT ENGINEER, POWER SUPPLY<p></p><p><strong> </strong></p><p>• Knowledge in Electrical and Electronics Engineering<br />• Relevant experience in large-scale infrastructure projects<br />• Good appreciation of the constraints and interface requirements of civil, electrical and mechanical works<br />• Strong project management and leadership skills, with a proven track record<br />• Good communication and presentation skills<br />• A team player who is analytical, resourceful and result-oriented<br />• Able to perform occasional night works including weekends and public holidays<br />• Those without experience are welcome to apply</p><p></p><p>As part of the shortlisting process for the role, you may be required to complete a medical declaration and / or undergo further assessment</p> </strong></p><p><span>You will play a lead role in managing power supply contractors in constructing transit projects and preferably have experience in underground MRT stations. You will be responsible for the safety, quality and progress of the contractors’ works. You will also assist the Senior Project Manager in planning and managing the cashflows of the various contracts as well as in issuing instructions and assessing variations/payments/claims. During the course of your work, you will be expected to liaise with various parties such as project teams, contractors, designers and architects to ensure that the power supply to the transit systems is well co-ordinated. You will also liaise with the appointed Railway Operator in reviewing and addressing their feedback appropriately. </span></p><p></p><p><strong>",Land Transport Authority,Engineering
58,"[LTA-RLE&M] EXECUTIVE / PROJECT ENGINEER, TRACKWORK","</strong></p>EXECUTIVE / PROJECT ENGINEER, TRACKWORK<p></p><p><strong> </strong></p><p>• Knowledge in Civil Engineering, familiarity with the relevant local codes and transit construction <br />• Possessing experience in large-scale infrastructure projects<br />• A good appreciation of the constraints and interface requirements of civil and trackwork<br />• Strong project management and leadership skills with proven track records<br />• Good communication (both oral and written) as well as presentation skills<br />• Team player who is analytical, resourceful, and result-oriented <br />• Experience in the construction of Civil Defence shelters and underground MRT stations will be an advantage <br />• Candidate with strong relevant years of experience will be considered for senior positions <br />• Those without experience are welcome to apply</p><p></p><p>As part of the shortlisting process for the role, you may be required to complete a medical declaration and / or undergo further assessment</p> </strong></p><p>You will play a lead role in managing the Contractors in the construction of new MRT Lines and / or enhancement to Existing Lines. You will be responsible for the safety, quality, progress and environment impact of the Contractors’ works. You will also assist in planning and managing the risks and cashflows of the various contracts as well as the issuance of instructions and assessment of variations/payments/claims. During the course of work, you are expected to liaise with various parties, such as project teams, contractors, designers, architects, stakeholders to ensure the projects are well coordinated. You will also liaise with the appointed Railway Operator to review and address their feedback appropriately.  You will be responsible for managing all aspects of the construction of the track including the planning and schedule of locomotives at depot and mainline. </p><p></p><p><strong>",Land Transport Authority,Engineering
59,"[LTA-RLE&M] EXECUTIVE / PROJECT ENGINEER, SYSTEMS INTEGRATION","</strong></p>EXECUTIVE / PROJECT ENGINEER, SYSTEMS INTEGRATION<p></p><p><strong> </strong></p><p>• Knowledge in Engineering, preferably in Electrical/Electrical and Electronics/Mechanical Engineering<br />• Good appreciation of the constraints and interface requirements of electrical and mechanical works<br />• Interest in project management and large scale infrastructure projects<br />• Good communication, written and presentation skills<br />• Team player who is analytical, resourceful, result-oriented and able to work independently<br />• Those without working experience are welcome to apply, candidates with strong relevant years of experience will be considered for senior positions  </p><p> </p><p>As part of the shortlisting process for the role, you may be required to complete a medical declaration and / or undergo further assessment</p> </strong></p><p>You will play a lead role in driving the overall process of ensuring that the design and development of multi-disciplinary interfaces among the different electrical and mechanical systems are compatible with the overall performance requirement. This process of managing the system interfaces and integration will be applied throughout from project design, construction and testing and commissioning phases to final completion.</p><p></p><p>You will also review technical submissions and participate in the construction, installation, testing and commissioning of these systems. You will assist Project Managers in resolving system design / system interface / site-related issues within a stipulated timeframe. You are required to manage, supervise, monitor and report project construction, testing and commissioning progress. In addition, you will assist Project Managers in preparing technical specifications, participate in tender evaluation, as well as conduct design review of new rail transit systems.<br /> </p><p></p><p><strong>",Land Transport Authority,Engineering
60,"[LTA-RLE&M] ASSISTANT PROJECT ENGINEER,SYSTEMS INTEGRATION & COMMISSIONING","</strong></p>SENIOR / ASSISTANT PROJECT ENGINEER, SYSTEMS INTEGRATION &amp; COMMISSIONING<p></p><p><strong> </strong></p><p>• Diploma in Mechanical / Electrical / Electronics / Communications / Control Engineering<br />• Interest in project management and large scale infrastructure projects<br />• Good communication, written and interpersonal skills<br />• Able to perform shift and overtime work including weekends<br />• Candidates with strong relevant years of experience will be considered for senior positions<br />• Those without experience are welcome to apply</p><p></p><p>As part of the shortlisting process for the role, you may be required to complete a medical declaration and / or undergo further assessment</p> </strong></p><p>You will be involved in the overall process of ensuring that the design and development of multi-disciplinary interfaces among the different electrical and mechanical systems are compatible with the overall performance requirement. This process of managing the system interfaces and integration will be applied throughout from project design, construction and testing and commissioning phases to final completion.</p><p></p><p>You will assist in the review of technical submissions and participate in the construction, installation, testing and commissioning of these systems. You will also assist the Engineers in resolving system design / system interface / site-related issues within a stipulated timeframe. You are required to manage, supervise, monitor and report project construction, testing and commissioning progress. In addition, you will provide assistance in preparing technical specifications, participate in tender evaluation, as well as conduct design review of new rail transit systems.<br /> </p><p></p><p><strong>",Land Transport Authority,Engineering
61,"[LTA-RSE] ASSISTANT ENGINEER, DEPOT EQUIPMENT & MAINTENANCE VEHICLES PROJECTS","</strong></p>ASSISTANT ENGINEER, DEPOT EQUIPMENT &amp; MAINTENANCE VEHICLES PROJECTS<p></p><p><strong> </strong></p><p>• Knowledge in Electrical or Mechanical Engineering<br />• A team player who is meticulous, proactive, and responsible<br />• Good writing and communication skills<br />• Good overall computing proficiency including Microsoft Office<br />• Self-driven with strong initiative to learn and willingness to get hands-on experience for site works<br />• Available to perform shift work including weekends and public holidays when necessary<br />• Those without working experience are welcome to apply</p><p></p><p><span>As part of the shortlisting process for the role, you may be required to complete a medical declaration and / or undergo further assessment.</span></p> </strong></p><p><span>You will play an integral role in managing depot equipment and maintenance vehicle projects for the new and existing MRT lines, including design review, interfaces, site delivery and installation, testing &amp; commissioning and performance monitoring. You will be required to produce technical reports, and provide administrative support to the projects including managing of incoming and outgoing correspondences, arranging meetings, and writing minutes, etc. You will be working closely with cross functional teams from different disciplines within LTA, appointed Railway Operator, relevant parties and stakeholders to ensure that the projects are well co-ordinated and progress according to the stipulated timeline. </span></p><p></p><p><strong>",Land Transport Authority,Engineering
62,"[LTA-TRO] PRINCIPAL/SENIOR/EXECUTIVE, VEHICLE ENFORCEMENT","</strong></p>PRINCIPAL/SENIOR/EXECUTIVE, VEHICLE ENFORCEMENT<p></p><p><strong> </strong></p><ul><li><p>Knowledge in Communications or Business Management</p></li><li><p>At least 1 to 2 years of working experience, preferably in the service industry</p></li><li><p>Good writing, communication and interpersonal skills</p></li><li><p>Self-motivated and able to work independently and also in a team</p></li><li><p>Good knowledge of Microsoft Outlook, Word, Excel and Power Point</p></li></ul><p></p><p><span>As part of the shortlisting process for the role, you may be required to complete a medical declaration and /or undergo further assessment.</span></p> </strong></p><ul><li><p><span>Handling of public feedback (i.e. EFMS/ECMS) pertaining to vehicle enforcement</span></p></li><li><p><span>Working with internal departments (i.e. CPN/GII/IDS etc.) and external agencies/stakeholders (i.e. SPF/ICA etc.) on vehicle enforcement matters</span></p></li><li><p><span>Collation of statistics and drafting reports to present collated statistics</span></p></li><li><p><span>Collation of reports for processing by other LTA departments </span></p></li><li><p><span>Contract management (i.e. audit and monitoring of contractors’ performance)</span></p></li><li><p><span>Secretariat duties for meetings</span></p></li><li><p><span>Assist in formulating contract/budget papers</span></p></li><li><p><span>Assist in formulating SOP/ROEs/ISO documents pertaining to the administrative functions of the section</span></p></li><li><p><span>Productivity projects to increase Division’s productivity and reduce reliance on manual means</span></p></li></ul><p></p><p><strong>",Land Transport Authority,Enforcement
63,"[LTA-TRO] SNR/ EXECUTIVE/ ENGINEER, ROADS & ROAD FACILITIES MANAGEMENT","</strong></p>[LTA-TRO] SENIOR/ EXECUTIVE/ ENGINEER, ROADS AND ROAD FACILITIES MANAGEMENT (CIVIL)<p></p><p><strong> </strong></p><p>•  Knowledge in Civil or Structural Engineering<br />•  Relevant experience in the following will be an advantage e.g. road design, construction, rehabilitation and maintenance, and material testing<br />•  Good knowledge of construction materials such as asphalt, reinforced concrete, steel etc. preferred<br />•  Good writing and interpersonal skills</p><p>•  Strong problem-solving skills in a dynamic environment</p><p>•  Strong interest in technology and data analysis</p><p>•  Passion for innovation and willing to learn new skills</p><p>•  Those without relevant working experience are also welcome to apply</p><p></p><p>As part of the shortlisting process for the role, you may be required to complete a medical declaration and / or undergo further assessment.</p> </strong></p><p>•  Establish, implement and review workflows, regulations, guidelines as well as practices on related road asset maintenance works.</p><p>•  Work with LTA officers, consultants and contractors on inspection, maintenance, upgrading and renewal works.</p><p>•  Managing the daily operation and maintenance of road assets;<br />•  Preparing and issuing instructions / work service orders to contractors and consultants;<br />•  Handling public feedback</p><p>•  Managing site matters / incidents;</p><p>•  Conducting audits; and</p><p>•  Use technology tools and systems to manage road asset maintenance works with a data driven mindset</p><p></p><p><strong>",Land Transport Authority,Engineering
64,"[LTA-TRO] ASSISTANT/ DEPUTY MANAGER, ROAD & PEDESTRIAN SAFETY","</strong></p>[LTA-TRO] ASSISTANT/ DEPUTY MANAGER, ROAD &amp; PEDESTRIAN SAFETY<p></p><p><strong> </strong></p><p><span>[What we are looking for]</span><br /><br /><span>• Knowledge in any discipline</span><br /><span>• At least 2 years’ working experience in a related role, preferably in policy development preferred</span><br /><span>• Proficient in policy implementation and the review and alignment of multiple frameworks/work processes </span><br /><span>• Strong writing and analytical skills, with meticulous attention to detail</span><br /><span>• Good communication, stakeholder management and presentation skills </span><br /><br /><span>Highly organised, with the ability to prioritise and manage multiple projects independently. A team player with a growth mindset, eager to explore and introduce innovative solutions.</span><br /><br /><span>As part of the shortlisting process for the role, you may be required to complete a medical declaration and / or undergo further assessment.</span></p> </strong></p><p><span>[What you will be working on]</span><br /><br /><span>You are a proactive and independent problem-solver who thrives on collaboration and getting things done. You will be part of the team that oversees the overall policy and strategies related to traffic and road operations, namely in road and pedestrian safety.</span><br /><br /><span>1. Support the review, development, and implementation of policies related to road and pedestrian safety. </span><br /><br /><span>2. Formulate and develop upstream strategies and framework to build a strong foundation for safety related planning, designs and to guide key engineering decisions, with the intent to further enhance our future road safety decisions. </span><br /><br /><span>3. Work closely with the relevant divisions to drive the formulation, refinement and execution of these policies, striving for results and proactive in overcoming challenges. </span><br /><br /><span>4. Collaborate with agencies to align operational policies and frameworks effectively, and to negotiate if necessary</span><br /><br /><span>5. Stay ahead of emerging trends and drive forward-thinking initiatives to enhance organisational strategies and processes.</span><br /><br /><span>6. Manage and coordinate staffing functions, including secretariat duties, ensuring smooth operations and timely delivery of outcomes.</span><br /><br /><span>7. Prepare and deliver impactful presentations and briefings for forums focused on the Group&#39;s policies and strategic interests.</span><br /><br /><span>8. Monitor multiple projects and deadlines, ensuring alignment with broader organisational goals.</span></p><p></p><p><strong>",Land Transport Authority,Engineering
65,"[LTA-TRO] ASST MANAGER, VIOLATION MGMT","</strong></p>ASST MANAGER, VIOLATION MGMT<p></p><p><strong> </strong></p><p><span>[What we are looking for]</span></p><ul><li><p><span>Knowledge in any discipline</span></p></li><li><p>3–5 years of relevant experience in IT project management, business analysis, or public sector systems</p></li><li><p>Strong communication (verbal and written) and stakeholder management skills</p></li><li><p>Familiarity with government procurement and approval processes is an added advantage</p></li><li><p>Experience in systems development projects with Agile methodology and UI/UX design is a plus</p></li><li><p>Highly organized, proactive, able to work independently and as a team<span> <span>in a fast-paced working environment</span></span></p></li></ul><p><br /><span>As part of the shortlisting process for the role, you may be required to complete a medical declaration and / or undergo further assessment.</span></p> </strong></p><p>We are looking for an Assistant Manager to support the implementation of a new Enforcement System. You will work closely with internal / external stakeholders, IT teams, and appointed vendor to ensure successful project execution from initiation through post-deployment.</p><p></p><p><span>[What you will be working on]</span></p><ul><li><p><span>Conduct and coordinate workshops to gather, document, and reconcile business requirements and user expectations</span></p></li><li><p>Prepare and manage submissions and approvals for various aspects of the project</p></li><li><p><span>Assist in the preparation of detailed tender specifications in alignment with business and system requirements</span></p></li><li><p><span>Organize and participate in detailed requirements sessions with stakeholders and vendors following contract award</span></p></li><li><p><span>Work with vendor to translate user inputs and business needs into detailed documentation for system design and implementation</span></p></li><li><p><span>Coordinate and support User Acceptance Test (UAT) planning, execution, issue tracking, and resolution with users and vendors</span></p></li><li><p><span>Support the planning and execution of end-user training sessions to ensure smooth transition to the new system</span></p></li><li><p>Organise and coordinate project meetings, including preparation of agendas and writing minutes of meetings</p></li></ul><p></p><p><strong>",Land Transport Authority,Enforcement
66,"[LTA-IDE] ENGINEER, RAIL DESIGN DEVELOPMENT (CIVIL)","</strong></p>ENGINEER, RAIL DESIGN DEVELOPMENT (CIVIL)<p></p><p><strong> </strong></p><p>• Knowledge in Civil/Structural Engineering or equivalent<br />• At least 3 years of relevant experience in Civil/Structural Engineering design, experience in design development of railway projects would be an advantage.<br />• Team player with good interpersonal and communication skills<br />• Candidates with strong relevant years of experience will be considered for senior roles</p> </strong></p><p><span>You will be involved in the design management of railway projects, overseeing consultants to develop railway schemes and alignments for new rail lines. Your responsibilities include conducting engineering studies (both feasibility and advance engineering studies), coordinating with internal stakeholders and government agencies to incorporate their requirements into design development, safeguarding railway corridors, and securing project budgets. You will prepare design brief, design drawings and tender documents, participate in tender evaluation leading to award of consultants or contractors. You will also develop and review engineering standards as well as providing technical support for project implementation.  </span></p><p></p><p><span>In addition, to meet evolving demographics and demands,  there will also be opportunities to be part of the team involved in the station rejuvenation programme.</span></p><p></p><p><strong>",Land Transport Authority,Engineering
67,"[LTA-MDET] SENIOR ENGINEER, PROJECT","</strong></p>SENIOR ENGINEER, PROJECT<p></p><p><strong> </strong></p><p>•    Knowledge in Computer Science, Computer Engineering, or equivalent technical background.<br />•    At least 3 years of experience in technical project management, preferably within government or regulated industries. <br />•    You must be able to code and can review software products. Experience with tools such as Jira and Confluence, as well as DevOps and testing practices is a definite advantage.<br />•    Strong understanding in the software development lifecycle and agile methodologies for delivering enterprise-grade software. ITIL and Scrum certifications are a plus.<br />•    Prior experience managing government procurement, including contract management, change management, and compliance with public sector regulations.<br />•    Excellent stakeholder management skills, with the ability to communicate effectively with vendors, engineers, and the product leadership.<br />•    Highly organised and detail-oriented and can deftly manage multiple asks and workstreams while keeping projects on track.<br /><br />As part of the shortlisting process for the role, you may be required to complete a medical declaration and / or undergo further assessment.</p> </strong></p><p>Join a team of changemakers on a mission to redesign the motoring experience – creating a future where transactions happen effortlessly, touchpoints are thoughtfully designed, and where every interaction in a delight. You will be part of a team to reinvent the One Motoring platform, building new capabilities to enable real-time billing, personalised dashboards, and intuitive user flows.</p><p></p><p>As Senior Engineer, Project, you will be responsible for driving successful project execution, tracking deliverables, and managing vendor relationships.</p><p><br />What You’ll Do<br />•    Manage Vendor Delivery: Work closely with external vendors, ensuring their work aligns with requirements, deadlines, and quality standards set by internal tech teams. <br />•    Lead Technical Tests: Perform code and architecture reviews and lead software testing. You will approve test plans proposed by the vendors and supervise the testing process.<br />•    Procurement &amp; Contract Management: Manage the contracting process, from drafting requirements to award and variation orders in compliance with procurement rules.<br />•    Support Agile Software Development: Define and drive agile best practices with the vendor, bridging communication between designers, architects, and the vendors.<br />•    Track Deliverables &amp; Milestones: Maintain clear project timelines, monitor deliverables, ensure project documentation is maintained and proactively address risks to ensure smooth execution and timely delivery.<br />•    Risk &amp; Compliance Management: Identify and mitigate project risks while ensuring adherence to government IT governance, frameworks, and contractual obligations.<br /> </p><p></p><p><strong>",Land Transport Authority,"InfoComm, Technology, New Media Communications"
68,"[LTA-IDE] EXECUTIVE ENGINEER, DEVELOPMENT & BUILDING CONTROL (RAIL/CIVIL)","</strong></p>EXECUTIVE ENGINEER, DEVELOPMENT &amp; BUILDING CONTROL (RAIL/CIVIL)<p></p><p><strong> </strong></p><p>• Knowledge in Civil/Structural Engineering<br />• Preferably with minimum 5 years of relevant experience in civil engineering design and supervision of construction works although candidates without experience would be considered<br />• Resourceful, analytical, able to thrive in a demanding work environment.<br />• Good report writing and presentation skills<br />• Team player, self-motivated with a positive attitude<br />• Possess initiative and keen interest to develop professional skill set.</p><p></p><p><span>As part of the shortlisting process for the role, you may be required to complete a medical declaration and / or undergo further assessment.</span></p><p></p> </strong></p><p><span>You will be part of professional <span>team</span> <span>regulating</span> engineering works and development/building proposals within the railway protection zones/railway corridors.<br /><br />You are required to conduct site inspections to ensure such works are prepared and executed in accordance with the approved plans and prevailing technical requirements.<br /><br />You will also be involved in <span>review of</span><span> </span>engineering risk assessment and analysis, method of construction as well as geotechnical and <span>structural </span>instrumentation data.<br /><br />You are required to work with developers, their architectural and engineering consultants and builders. You will also co-ordinate and liaise with LTA architects, planners and engineers on projects within the railway protection zone/railway corridor.</span></p><p></p><p><strong>",Land Transport Authority,Engineering
69,"[LTA-TRO] EXECUTIVE/ ENGINEER, 1 TRAFFIC SCHEMES DESIGN & DEVELOPMENT","</strong></p>You will play an active role in the entire lifecycle of traffic schemes in Singapore.<p></p><p><strong> </strong></p><p><span>• Knowledge in Civil / Traffic / Transportation Engineering </span></p><p><span>• At least 2 years of experience in Traffic / Transportation-related or operational fields / familiar with road design preferred </span></p><p><span>• Possess initiative, good communication and leadership skills with lateral thinking ability </span></p><p><span>• Class 3 driving licence is preferred </span></p><p><span>• Knowledge of GIS/Traffic Microsimulation is an advantage </span></p><p></p><p><span>As part of the shortlisting process for the role, you may be required to complete a medical declaration and / or undergo further assessment.</span></p> </strong></p><p><span>Applying strong design and traffic analysis skills as you guide the planning and execution of traffic management strategies. You will be advising developers, consultants, and agencies from the initial planning and design stages to the implementation and ongoing review. This includes collaborating with stakeholders to identify traffic management needs, developing innovative solutions, overseeing the execution of plans, and continually assessing their effectiveness to ensure optimal traffic flow and safety. You will also be spearheading projects to enhance road safety and create an improved living environment for all road users. In this position, you will leverage on data science techniques and advanced geographic information systems (GIS) tools such as QGIS to analyse traffic patterns and make data-driven recommendations that improve the travel experience for commuters, motorists, and cyclists. We offer a dynamic working environment to those with technical and analytical abilities, and who enjoy applying data science and GIS to shape the future of traffic management and urban mobility.</span></p><p></p><p><strong>",Land Transport Authority,Engineering
70,"[LTA-RAOM] EXECUTIVE / ENGINEER, ASSET ENGINEERING (POWER & SERVICES)","</strong></p>EXECUTIVE / ENGINEER, ASSET ENGINEERING (POWER &amp; SERVICES - ELECTRICAL)<p></p><p><strong> </strong></p><p><span>• Knowledge in Electrical Power Engineering<br />• At least 3 years of experience in design, installation, operation and maintenance of services and electrical installations up to and including 22kV; 1500V DC and 750V DC traction power supply systems and 400/230V reticulation systems<br />• Knowledge of railway work environment and relevant safety requirements<br />• Good leadership, communication and interpersonal skills<br />• Candidates without experience are also welcomed to apply.</span></p><p></p><p>As part of the shortlisting process for the role, you may be required to complete a medical declaration and / or undergo further assessment.</p> </strong></p><p>You will work closely with Rail Operators to develop good ground knowledge of the Operation &amp; Maintenance (O&amp;M) issues to ensure that the Rail Operators’ O&amp;M experience can be fed back to LTA’s design Divisions to facilitate the continual improvement of the design of Singapore’s Rail Transit System’s (RTS) lines for flexibility of operations and maintainability.</p><p></p><p>Your scope of works will include review of the design of medium voltage power systems, railway traction power systems (3rd rail and overhead catenary systems), low voltage reticulation schemes and investigations of incidents. You will also provide engineering support in witnessing the testing, commissioning and handing over of new assets to the Rail Operators.</p><p></p><p>You will work closely with Rail Operators to ensure that the RTS assets under your Division&#39;s charge is properly maintained by the Rail Operator to enable such assets to perform their functions reliably and safely.</p><p></p><p>You will ensure that the operators optimise the costs and benefits (for life cycle management) of assets under the purview of the Division for the duration of the service life of such assets so that such information can be derived to inform decisions on asset refurbishment, renewal or life extension.</p><p></p><p>You will review and audit the Rail Operator&#39;s maintenance plan/regime for compliance with the Rail Operator&#39;s submissions pursuant to NRFF licence condition.</p><p></p><p><strong>",Land Transport Authority,Engineering
71,"[LTA TRO] ASSISTANT ENGINEER, ROADS AND ROAD FACILITIES MANAGEMENT (CIVIL)","</strong></p>You will be a road asset steward managing our roads through detailed planning and coordinating the administration, management, delivery and control of roads and road facilities maintenance works.<p></p><p><strong> </strong></p><p>• Knowledge in Engineering<br />• Relevant experience in road design, construction, rehabilitation and maintenance, material testing will be an advantage;<br />• Good writing and interpersonal skills</p><p>• Strong problem-solving skills in a dynamic environment</p><p>• Strong interest in technology and data analysis<br />• Passion for innovation and willing to learn new skills</p><p>• Those without relevant working experience are also welcome to apply</p><p></p><p>As part of the shortlisting process for the role, you may be required to complete a medical declaration and / or undergo further assessment.</p> </strong></p><p>a. Managing the daily operation and maintenance of road assets;<br />b. Preparing and issuing instructions / work service orders to contractors and consultants;<br />c. Handling public feedback;<br />d. Managing site matters / incidents;<br />e. Formulating long term maintenance plan for road assets<br />f. Conducting audits; and</p><p>g. Use technology tools and systems to manage road asset maintenance works with a data driven mindset</p><p></p><p><strong>",Land Transport Authority,Engineering
72,"[LTA-FIN] MANAGER, COLLECTIONS, RECEIVERABLES AND REFUNDS","</strong></p>Manager, Collections, Receivables and Refunds<p></p><p><strong> </strong></p><ul><li><p>Knowledge in Accountancy or equivalent professional qualifications.<br /> </p></li><li><p>Minimum 6 years’ relevant working experience with at least 2 years in supervisory position is preferred.<br /> </p></li><li><p>Effective team player who is committed and self-driven.<br /> </p></li><li><p>Strong interpersonal and communication skills, resourceful and able to work independently.<br /> </p></li><li><p>Meticulous with numbers and competent in Microsoft Office applications.<br /> </p></li><li><p>Knowledge of SAP financial systems &amp; Robotic Process Automation (RPA – UiPath, Python) will be an added advantage.<br /> </p></li></ul><p>As part of the shortlisting process for the role, you may be required to complete a medical declaration and / or undergo further assessment.</p> </strong></p><p>You will be part of the 1 Collections, Receivables and Refunds Division in our Finance team responsible for the accounting and operations of the collection and receipting functions. This role will provide you with the opportunity to gain insights on and enhance on collection and receipting controls; drive process improvements and co-solution with our internal business groups to derive policies/processes/system solutions to support an effective collection and receipting function.</p><p></p><p>Your roles will include:<br /> </p><p>a) Overseeing a team of staff to ensure timely and accurate processing, accounting and reconciliation of collections from various payment channels to our sub-systems’ records and resolving discrepancies noted, in compliance with Standard Operating Procedures and Financial Guidelines.<br /> </p><p>b) Reviewing monthly audit schedules for bank, deposit and revenue accounts and executing the year-end financial closing processes for the accounts receivable function including liaising with external auditors to support annual financial report preparation.<br /> </p><p>c) Preparing annual revenue projection submission, proposal for procurement of services as well as management analysis reports, as required.<br /> </p><p>d) Conducting regular review and update internal controls and Standard Operating Procedures (SOPs) and Financial Procedures Manual and providing support for audits, including timely information provision and management responses.<br /> </p><p>e) Participating/ leading in system development and enhancement initiatives for financial functions and driving business process reviews and identify opportunities for digitalisation and RPA implementation.<br /> </p><p>f) Providing timely and effective business advisory support to internal and external stakeholders to address any collections related issues or ascertain accounting treatments for receipts/collections.</p><p></p><p><strong>",Land Transport Authority,"Accounting, Audit, Finance"
73,[LTA-IDE] PRINCIPAL ARCHITECT,"</strong></p>Principal  Architect<p></p><p><strong> </strong></p><p>•        Knowledge in Architecture</p><p>•        At least 12 years of relevant working experience in architectural design and practice</p><p>•        Well-spoken with good writing and presentation skills</p><p>•        Familiar with codes and standards and submission processes</p><p>•        Able to lead architectural issues in a multi-disciplinary discussion and manage a team effectively</p><p>•        Able to think strategically, work independently and grasp complex issues swiftly</p><p>•        Excellent knowledge of presentation software and programs</p><p>•        Proficient in CAD / BIM drafting capability</p><p>•        Experience in both rail and building projects will be an advantage</p><p>•        Candidates with strong relevant years of experience will be considered for senior roles</p> </strong></p><p>You will assume a key role in a team and may be required to lead a team to manage architectural design and coordination of high-rise office and transport-related buildings including MRT stations and infrastructures, from conceptualization to construction. You will work with senior management, various divisions, and agencies as well as industry partners in the development and implementation of key architectural initiatives &amp; policies as well as design &amp; construction details that will promote quality architectural design and a sustainable transport environment. You will also be required to write proposal papers, prepare and make presentations, and lead meeting discussions.</p><p>Specifically, you will be involved in conceptualisation and implementation of building and station designs, preparation of tender specifications / documentation / design and site management of the architectural aspect of the projects.</p><p></p><p></p><p><strong>",Land Transport Authority,Engineering
74,"[LTA-VS] PRINCIPAL/ SENIOR / EXECUTIVE, STATISTICS & SERVICE SYSTEMS DEVELOPMENT","</strong></p>PRINCIPAL/ SENIOR / EXECUTIVE, STATISTICS &amp; SERVICE SYSTEMS DEVELOPMENT<p></p><p><strong> </strong></p><div><div><div><div><div><div><div><span>• Knowledge in any discipline, preferably in Data Science/Analytics, Business or Information Systems</span><br /><span>• Proficient in Microsoft Excel and experience with data management/presentation tools, UIPath, or AI tools will be advantageous</span><br /><span>• Meticulous, accurate and possess strong analytical and effective communication skills </span><br /><span>• Self-directed learner with passion for continuous learning and improvement</span><br /><span>• Able to work in a team as well as independently and thrive in a fast-paced work environment</span></div><div></div><div><span>As part of the shortlisting process for the role, you may be required to complete a medical declaration and /or undergo further assessment. </span></div></div></div></div></div></div></div> </strong></p><p><span>You will be part of a dynamic team responsible for managing vehicle-statistics and service systems.<span> </span>You will play an active role in supporting the operations and initiatives while managing requests from the internal and external stakeholders. In addition to preparation of accurate and meaningful statistics for publication and business process improvements, you will be working with the team to review, implement and promote knowledge management best practices and initiatives to ensure the compliance with IM4L guidelines</span></p><p></p><p><strong>",Land Transport Authority,Conciliation/ Mediation and Statistics
75,"[LTA-TRO] PRINCIPAL/ SNR ENGINEER, TRAFFIC & ROAD INFO TECHNOLOGY","</strong></p>[LTA-TRO] PRINCIPAL/ SENIOR ENGINEER (TRAFFIC SENSORS &amp; ASSETS SYSTEM), TRAFFIC &amp; ROAD INFORMATION TECHNOLOGY<p></p><p><strong> </strong></p><ul><li><p>Knowledge preferably in Computer Science, Information Technology Security.</p></li><li><p>At least 3 years’ experience in system engineering studies and process design thinking in cybersecurity, asset management system and/or Geographic Information System (GIS) preferred.</p></li><li><p>Candidate with good background in developments works on Low Code platform, IT security design (e,g understanding of IM8 compliance),  cloud architecture design and Agile project management is welcomed.</p></li><li><p>Experience in engagement with stakeholders on operations enhancement works</p></li><li><p>Good experience in assessing and substantiation of Variation Orders or SR requests to support users’ maintenance and operation needs</p></li><li><p>Skills in co-ordinating with relevant parties such as Contracts and Contractors to design and implement improvement works so as to ensure successful completion within cost, time and quality standards</p></li><li><p>Ability to work with Contractors to analyse, test and trouble-shoot and propose resolution to maintenance issues</p></li><li><p>Good writing, communication and presentation skills.</p></li><li><p>Possess initiative and resourcefulness as well as keen interest in problem-solving.</p></li><li><p>Able to work independently as well as in a team. </p></li><li><p>Have strong sense of responsibility and strong analytical mind.</p></li></ul><p></p><p>As part of the shortlisting process for the role, you may be required to complete a medical declaration and /or undergo further assessment.</p> </strong></p><p>You will be responsible in overseeing the asset management system operation &amp; maintenance, IT cybersecurity compliance and managing projects related to Traffic &amp; Road to improve the safety and efficiency of the Singapore road network and better meet the needs of road users and commuters. You will also be involved in establishing technical specifications, conducting technical feasibility studies, tender procurement, design review, development, implementation, testing and commissioning of the asset management system and communicating requirements with internal and external stakeholders under your charge.</p><p></p><p><strong>",Land Transport Authority,Engineering
76,"[LTA-TRO] EXECUTIVE/ ENGINEER, TRAFFIC & ROAD INFO TECHNOLOGY","</strong></p>[LTA-TRO] EXECUTIVE/ ENGINEER, TRAFFIC &amp; ROAD INFORMATION TECHNOLOGY<p></p><p><strong> </strong></p><ul><li><p>Knowledge preferably in Computer Science, Information Technology Security.</p></li><li><p>At least 3 years’ experience in system engineering studies and process design thinking in cybersecurity, asset management system and/or Geographic Information System (GIS) preferred.</p></li><li><p>Candidate with good background in IT security design and cloud architecture design is welcomed.</p></li><li><p>Experience in engagement with stakeholders on operations enhancement works</p></li><li><p>Good experience in assessing and substantiation of Variation Orders or SR requests to support users maintenance and operation needs</p></li><li><p>Skills in co-ordinating with relevant parties such as Contracts and Contractors to design and implement improvement works so as to ensure successful completion within cost, time and quality standards</p></li><li><p>Ability to work with Contractors to analyse , test and trouble-shoot and propose resolution to maintenance issues</p></li><li><p>Good writing, communication and presentation skills.</p></li><li><p>Possess initiative and resourcefulness as well as keen interest in problem-solving.</p></li><li><p>Able to work independently as well as in a team.</p></li><li><p>Have strong sense of responsibility and strong analytical mind.</p></li></ul><p></p><p>As part of the shortlisting process for the role, you may be required to complete a medical declaration and /or undergo further assessment.</p> </strong></p><p>You will be responsible in overseeing the asset management system operation &amp; maintenance, IT cybersecurity compliance and managing projects related to Traffic &amp; Road to improve the safety and efficiency of the Singapore road network and better meet the needs of road users and commuters. You will also be involved in establishing technical specifications, conducting technical feasibility studies, tender procurement, design review, implementation, testing and commissioning of the asset management system and communicating requirements with internal and external stakeholders under your charge.</p><p></p><p><strong>",Land Transport Authority,Engineering
77,"[LTA-RAOM] SENIOR / EXECUTIVE/ ENGINEER, ASSET ENGINEERING SYSTEMS","</strong></p>SENIOR / EXECUTIVE/ ENGINEER, ASSET ENGINEERING SYSTEMS<p></p><p><strong> </strong></p><p><span>• Knowledge</span><span> in electrical, electronic or computer engineering discipline.<br />• Relevant engineering experience in Signalling, Communication, Control, and Maintenance Management is advantageous.<br />• Strong analytical skills, creative problem-solving ability, good judgment, and the capacity to work independently and collaboratively.<br />• Effective communication and interpersonal skills, with a proficiency in written language.<br />• Self-motivated, resourceful, and a positive attitude.<br />• Candidates without experience are welcome to apply.</span></p><p></p><p>As part of the shortlisting process for the role, you may be required to complete a medical declaration and / or undergo further assessment.</p> </strong></p><p><span>Play a vital role in shaping the future of Singapore’s rail system. As an aspiring and driven engineer, your contributions will directly impact the reliability, safety, and performance of critical rail infrastructure. Join our team and contribute to the delivery and life cycle management of Signalling, Communications, and Control Systems across new and existing MRT and LRT lines. You will have the opportunity to shape design and build projects from an Operations &amp; Maintenance (O&amp;M) perspective, ensuring long-term performance and reliability. Key responsibilities include managing the archival and transfer of assets between Operators and LTA (Transfer of Care, Custody, and Control), maintaining asset inventory, reviewing modifications, and supporting asset disposal processes.</span></p><p></p><p><span>In this role, you will support rail projects in critical O&amp;M areas such as spare parts support, training, documentation, and obsolescence management. You will also help drive digital transformation by reviewing and implementing maintenance control centre,  condition monitoring systems and smart maintenance technologies to gain real-time insights into asset health and performance. A significant part of your role involves working with system manufacturers and Operators to negotiate, review, and manage Long Term Service Support (LTSS) contracts, ensuring cost-effective and timely support throughout the asset life cycle.</span></p><p></p><p><span>You will use data analytics, lifecycle costing, and failure trends to drive decisions that enhance asset reliability, availability, and renewability. Your work will also involve evaluating proposals for asset modifications, enhancements, and renewals to ensure they remain maintainable, supportable, and economically viable. To ensure that high standards are consistently met, you’ll plan and conduct audits during revenue and engineering hours, and review maintenance reports submitted by Operators. If you are ready to apply your engineering skills to real-world challenges and be part of a team shaping the future of land transport, we welcome you to join us.</span></p><p></p><p><strong>",Land Transport Authority,Engineering
78,"[LTA-MDET] SENIOR PRINCIPAL DEVELOPER, FULL STACK","</strong></p>SENIOR PRINCIPAL DEVELOPER, FULL STACK<p></p><p><strong> </strong></p><p>•    At least 10 years of full stack development experience, with a strong track record of building and shipping web-based applications.<br />•    Highly familiar with frontend and backend languages, including JavaScript, Python, HTML and associated UI libraries (e.g. Angular Material, Prime)<br />•    Proficiency in frontend frameworks (e.g. Angular, Node.js), backend frameworks (e.g. Fast API, Django), and building an event-driven, web-services based architecture. You must be highly familiar with enterprise data flows (e.g., ESB, API GW, MQ, AWS Kafka).<br />•    Experience configuring and deploying to cloud platforms, including setting up instances, storage, and connectivity. Cloud certification (e.g. AWS Certified Professional) and experience working on Government Commercial Cloud is an advantage.<br />•    Strong command of Git workflows, as well as automated testing (e.g. Selenium, Playwright, or equivalent), is essential to succeed in the role.<br />•    Know-how to integrate AI tools (e.g. Copilot, Cursor) to accelerate development while ensuring compliance with organisational governance and controls.<br />•    Able to deftly balance technical execution with big-picture thinking, navigating ambiguity and adjusting plans in real-time to meet go-to-market timelines.<br />•    Comfortable working across an interdisciplinary practice, balancing technical, operational, and business considerations to build purposeful products.<br />•    You are somebody that teammates look to for support and advice. You can guide junior developers to channel their efforts towards achieving shared outcomes together.<br />•    Comfortable in a startup-like setting, where roles flex and speed matters, and bring a proactive attitude and strong ownership mentality to the table.<br /> </p> </strong></p><p>Join a team of changemakers on a mission to redesign the motoring experience – creating a future where transactions happen effortlessly, touchpoints are thoughtfully designed, and where every interaction in a delight. You will be part of a team to reinvent the One Motoring platform, building new capabilities to enable real-time billing, personalised dashboards, and intuitive user flows.</p><p></p><p>As our Senior Principal Developer, Full Stack, you’ll wear many hats, from engineering robust backend systems, crafting elegant frontends, configuring the deployment environment, and guiding the team’s engineering practices. You’ll play a pivotal hands-on role and mentor a small, talented team of developers. This is a fast-paced, purposeful, and deeply collaborative role.</p><p><br />What You’ll Do<br />•    Own the Full Stack: Oversee the efforts to design, build, and maintain both frontend and backend, writing well-structured, easily maintainable, and testable code across the stack, contributing to robust and production-ready systems.<br />•    Set Up &amp; Configure the Environment: Establish development environments, CI/CD pipelines, manage codebase versioning, and set up the staging cloud infrastructure.<br />•    Champion Agile Practices: Shape and drive lean development cycles, sprint rituals, backlog refinement, and product increments together with the Product team.<br />•    Lead Quality &amp; Testing: Implement unit tests, integration tests, and code reviews to maintain engineering excellence, striking a balance between test coverage and speed.<br />•    Co-Creating Requirements: Collaborate with product managers, architects, and vendors to refine designs, iterate quickly, and respond to evolving user needs.<br />•    Mentor &amp; Guide Developers: Informally lead a team of developers, serving as the senior member of the tech pillar to provide technical guidance, feedback, and code direction.<br />•    Collaborate Across Functions: Work closely with the leadership, product managers, designers, and architects to deliver impactful user experiences.<br /> </p><p></p><p><strong>",Land Transport Authority,"InfoComm, Technology, New Media Communications"
79,"SENIOR MGR / MGR / DEPUTY / ASST MGR, SERVICE TRANSFORMATION TASKFORCE","</strong></p>As a member of the Service Transformation Taskforce, you will drive the overall transformation efforts towards delivering delightful services through the development and implementation of policy-driven process changes, and implementation of digital strategies and products to improve the efficiency and customer experience of LTA’s feedback management process.<p></p><p><strong> </strong></p><p>- Knowledge in any discipline, preferably with a discipline in statistics, data management</p><p>- At least 8-10 years of relevant working experience, with prior experience in digital product management or in a similar role, with demonstrated experience in enhancing user experience through innovative digital solutions</p><p>- Strong analytical skills, and competency in synthesizing information, building strong narrative and distilling concepts into concrete system and operational workflows</p><p>- Experience in change management and familiarity with Design Thinking, Behavioural Insights, or User Experience Design methodologies will be advantageous</p><p>- Ability to engage diverse stakeholders to conduct operational diagnosis and strategic visioning to assess and identify opportunities for innovation</p><p></p><p>The seniority of appointment and actual job title will be commensurate with individual work experience. Position is on a 3-year full-time contract.</p> </strong></p><p>- Analyze LTA’s feedback data to develop strategies and organisation-wide policy changes to streamline feedback management processes.</p><p>- Deploy and initiate data analytics projects to derive customer service insights.</p><p>- Collaborate with industry partners to leverage on emerging technologies such as Gen AI and Agentic AI to implement innovative digital solutions that can translate to productivity savings.</p><p>- Work with internal stakeholders to design and enhance customer journeys across key services, translating user needs into innovative digital solutions that ensure comprehensive service delivery.</p><p>- Drive change management and the development of internal communication plans for the taskforce.</p><p></p><p><strong>",Land Transport Authority,Others
80,"[LTA-LO] DEPUTY MANAGER, E-LEARNING INSTRUCTIONAL DESIGNER, LTA ACADEMY","</strong></p>Deputy Manager, e-Learning Instructional Designer, LTA Academy (LTAA)<p></p><p><strong> </strong></p><p><span>•Knowledge in adult education, with a minimum of 5 years practitioner experience in e-Learning instructional design</span><br /><span>• Candidate should also have good working knowledge of:</span><br /><span>o Microsoft Office applications</span><br /><span>o Image editing software</span><br /><span>o Video editing software</span><br /><span>o Animation </span><br /><span>o Multimedia development including interactive learning objects</span><br /><span>o Graphic and visual design skills</span><br /><span>o Web design skills HTML and CSS</span><br /><span>o Course development and technology support in the context of a training and development environment/academy </span><br /><span>o Expertise in the use of e-learning authoring/development tools</span><br /><span>• Strong technical problem-solving skills and attention to detail</span><br /><span>• Excellent interpersonal, analytical, communication skills, able to work effectively in a team and across teams</span><br /> </p><p><span>As part of the shortlisting process for the role, you may be required to complete a medical declaration and / or undergo further assessment</span></p> </strong></p><p><span>The LTAA is a division within the Land Transport Authority. The Academy’s vision is to be a leading global institution on land transport, with a mission to share Singapore&#39;s experience and expertise and deliver competency-based training to uplift the competency of LTA officers and the industry. </span><br /><br /><span>This e-Learning Instructional Designer position resides within the LTAA’s Learning Technologies team, established to take the lead in identifying and leveraging on latest technologies and trends in learning, supporting the delivery of training programmes and enhancing learner’s experience through the adoption of learning technology. </span><br /><br /><span>Besides instruction design for e-Learning, the candidate will also play a key role in analyzing, recommending and developing innovative instructional solutions to meet a variety of training needs and learning styles, through the use of latest technologies, grounded in sound approaches to pedagogy and andragogy. </span><br /><br /><span>Key responsibilities</span><br /><br /><span>• Project manage collaborations with subject matter experts (internal and external), vendors as well as other stakeholders such as Trainers, partners and various Institutes of Higher Learning. </span><br /><span>• Create engaging industry compliant interactive e-learning courseware (such as SCORM) using authoring tools like Articulate, iSpring etc., enhancing LTA’s in-house e-Learning capabilities for rapid development of online content. This involves storyboarding and familiarity with managing Learning Management Systems. </span><br /><span>• Keep abreast of latest learning technologies (e.g. VR, AR, MR) through research and experimentation, horizon scanning etc. Make recommendations for adoption or pilot trials to gauge suitability and effectiveness.</span><br /><span>• Involve in the engagement of Trainers to increase awareness and adoption of learning methodologies/technologies, observe classes in view of recommending ways to infuse learning technologies to enhance teaching and learning </span><br /><span>• Mentor executives in the implementation of new learning technologies</span><br /><span>• Any other duties as may be assigned</span></p><p></p><p><strong>",Land Transport Authority,Education
81,"[LTA-RSE] SENIOR/ EXECUTIVE ENGINEER, RAIL CYBERSECURITY","</strong></p>SENIOR/ EXECUTIVE ENGINEER, RAIL CYBERSECURITY<p></p><p><strong> </strong></p><ul><li>Relevant knowledge in Engineering, Computer Engineering, Electrical/Electronic Engineering, or related field.    </li><li>Team player and willingness to learn and work in a fast-paced environment.</li><li>Good written, verbal communication and interpersonal skills.</li><li>Relevant experience in cybersecurity design, networks, and Operational Technology (OT) systems will be advantageous.</li><li>Candidates with more experience might be considered for senior position</li></ul><p></p><p>As part of the shortlisting process for the role, you may be required to complete a medical declaration and / or undergo further assessment.</p> </strong></p><p>You will be a key member of LTA Rail Cybersecurity team, focused on keeping the Land Transport Rail systems safe and secure, including Critical Information Infrastructure (CII) systems. The candidate should possess strong technical skills, industry certifications, and expected to keep abreast of new cybersecurity solutions and practices to protect against new emerging cybersecurity threats. The key responsibilities include:</p><ul><li>Develop project specific cybersecurity specifications based on industry best practices, prevailing cybersecurity policies and standards.</li><li>Participate in tender evaluation for technical proposals on cybersecurity and provide recommendations to the tender steering committee.</li><li>Work closely with both external and internal stakeholders to ensure cybersecurity robustness of RTS systems throughout the system’s lifecycle.</li><li>Stay updated on the latest cybersecurity threats, technologies, and best practices to continuously improve the organization&#39;s security posture.</li></ul><p></p><p><strong>",Land Transport Authority,"InfoComm, Technology, New Media Communications"
82,"[LTA-PT] ASSISTANT MANAGER, VOCATIONAL LICENCE INVESTIGATION & APPEAL","</strong></p>Assistant Manager, Vocational Licence Investigation &amp; Appeal<p></p><p><strong> </strong></p><ul><li><p>Knowledge in any discipline.</p></li><li><p><span>At least 3 years’ working experience, preferably in areas related to investigation and enforcement.</span></p></li><li><p>Keen interest in investigation-related work and good team player.</p></li><li><p>Able to exercise sound judgment with ability to multi-task in a dynamic environment.</p></li><li><p>Good written communication and analytical skills.</p></li><li><p>Resourceful, self-motivated and initiative.</p></li><li><p>Able to communicate well with the public and handle difficult customers.</p></li><li><p>Able to work collaboratively with other stakeholders.</p></li><li><p>Experience in statistical analysis and being IT savvy will be advantageous.</p></li><li><p>Fresh graduates are welcomed to apply.</p></li></ul><p></p><p>As part of the shortlisting process for the role, you may be required to complete a medical declaration and / or undergo further assessment.</p> </strong></p><p>Reporting to the Manager, your key responsibility is to conduct investigations into offences and assessing appeals relating to conduct of Vocational Licence (“VL”) holders and use of public service vehicles.  In addition, you will be required to undertake projects that improves work processes and efficiency, which may involve process reviews, systems development and statistical analysis.  You are also required to support the Manager in the day-to-day operations of the section.</p><p></p><p><strong>",Land Transport Authority,Investigation
83,"[LTA-FIN] MANAGER/DEPUTY MANAGER, FINANCIAL PLANNING","</strong></p>Manager/Deputy Manager, Financial Planning<p></p><p><strong> </strong></p><ul><li><p>Knowledge in Accountancy, Finance, or Business IT.<br /> </p></li><li><p>Proven experience and track record in SAP ERP system implementation and maintenance projects.<br /> </p></li><li><p>Comprehensive knowledge and understanding of finance functions including Asset Accounting, Accounts Receivables &amp; Payables, and Financial Reporting.<br /> </p></li><li><p>Demonstrated ability to translate complex business requirements into effective SAP solutions.<br /> </p></li><li><p>Outstanding project management, communication, and presentation capabilities.<br /> </p></li><li><p>Sharp analytical and problem-solving mindset.<br /> </p></li><li><p>Knowledge of AI and machine learning applications in finance.</p></li></ul><p></p><p>As part of the shortlisting process for the role, you may be required to complete a medical declaration and / or undergo further assessment.</p> </strong></p><p><span>We are seeking a visionary Manager who thrives at the intersection of technology and business strategy. This is your opportunity to spearhead cutting-edge SAP systems whilst pioneering AI innovations that will revolutionise how we deliver financial services in our Financial Digital Services Team. </span><br /><br /><span>You will have opportunities to:</span><br /><span>• Drive AI pilot projects that position you at the forefront of financial technology transformation.</span><br /><br /><span>• Bridge the critical gap between business needs and technical solutions, directly influencing organisational success.</span><br /><br /><span>• Expand your expertise across SAP systems, AI applications, and strategic project management in a supportive environment.</span><br /><br /><span>• Work alongside dynamic teams, SAP consultants, and stakeholders to deliver exceptional results.</span><br /><br /><u><span>SAP ERP System</span></u><br /><span>Transform daily operations by overseeing comprehensive SAP functional and technical support across Finance modules. You will manage system troubleshooting, incident resolution, and vendor coordination whilst ensuring exceptional customer experiences. </span><br /><br /><span>Gather complex business requirements and architect innovative solutions that align with organisational objectives. You will collaborate with stakeholders and end-users to provide training and support for system usage and functionalities. In addition, you will lead end-to-end enhancement lifecycles from conception to delivery, developing strategic project plans and managing costs for system upgrades and implementations. </span><br /><br /><u><span>AI Pilot Projects</span></u><br /><span>Be part of the team to assist in building compelling business cases for AI solutions and piloting transformative technologies. Collaborate with IT teams to develop finance-relevant AI models that enhance efficiency and service delivery. You will have the chance to analyse the pilot results and recommend strategies for broader implementation.</span></p><p></p><p><strong>",Land Transport Authority,"Accounting, Audit, Finance"
84,"[LTA-TRO] EXECUTIVE/ ENGINEER/ DATA ANALYST, ROAD & PEDESTRIAN SAFETY","</strong></p>[LTA-TRO] EXECUTIVE/ ENGINEER/ DATA ANALYST, ROAD &amp; PEDESTRIAN SAFETY<p></p><p><strong> </strong></p><p><span>[What we are looking for]</span><br /><br /><span>• Knowledge in Engineering, Computer Science, Data Analytics or other related technical fields;</span><br /><span>• Relevant experience with data analysis, GIS and/or data visualization tools;</span><br /><span>• Possess strong problem-solving ability </span><br /><span>• Self-motivated, adaptable &amp; possess strong sense of responsibility;</span><br /><span>• Able to work independently and a good team player;</span><br /><span>• Good writing, communication, analytical and interpersonal skills;</span><br /><span>• Experience in or good knowledge of the following will be an added advantage:</span><br /><span>o Project management</span><br /><span>o Data structure and management including those in geospatial analysis, statistical analysis</span><br /><span>o Best practices in data visualization and the ability to create interactive and engaging visual representations of data</span><br /><br /><span>As part of the shortlisting process for the role, you may be required to complete a medical declaration and / or undergo further assessment.</span></p> </strong></p><p><span>[What you will be working on]</span><br /><br /><span>You will be part of the team that spearheads data analytics, research efforts and leveraging on digital technologies, focused on advancing road and pedestrian safety in Singapore. You will have the opportunity to drive meaningful change in the road and pedestrian safety landscape in Singapore, through the integration of meaningful data insights, geo-spatial analysis, and compelling data visualizations to inform decisions and strategies. Your work will also involve conducting in-depth research to identify trends, issues and areas for improvement. In addition, you will contribute to the formulation of policies and strategies that promote a safer environment for all road users. Collaboration with internal divisions within LTA, as well as with external government agencies, academia, and industry partners, will be essential to achieve shared goals and deliver innovative solutions. </span></p><p></p><p><strong>",Land Transport Authority,Engineering
85,[LTA-ITCD] SENIOR / EXECUTIVE / SOFTWARE ENGINEER,"</strong></p>SENIOR / EXECUTIVE / SOFTWARE ENGINEER<p></p><p><strong> </strong></p><p><span>• Knowledge in Computer Science, Software Engineering, or a related field. </span></p><p><span>• At least 3 years experience in software development using modern programming languages and frameworks. </span></p><p><span>• Strong understanding of software design principles, algorithms, and data structures. </span></p><p><span>• Familiarity with cloud computing, microservices architecture, and API development. </span></p><p><span>• Experience in debugging, optimizing performance, and troubleshooting software applications. </span></p><p><span>• Ability to work in an agile development environment and collaborate effectively with cross-functional teams.</span><br /><br /><span>As part of the shortlisting process for the role, you may be required to complete a medical declaration and / or undergo further assessment.</span></p> </strong></p><p><span>You will be responsible for designing, developing, and maintaining software applications that meet business and technical requirements. You will work with modern development frameworks, optimize application performance, and ensure software quality through best practices in coding, testing, and deployment. </span></p><p></p><p><span>Responsibilities: </span></p><p><span>• Develop, test, and maintain software applications, ensuring scalability, performance, and security. </span></p><p><span>• Write clean, efficient, and well-documented code using programming languages such as Python, SQL, Java, or JavaScript. </span></p><p><span>• Collaborate with cross-functional teams to design and implement software solutions that align with business needs. </span></p><p><span>• Optimize application performance, troubleshoot issues, and enhance system reliability. </span></p><p><span>• Work with DevOps teams to integrate CI/CD pipelines and automate software deployment. </span></p><p><span>• Ensure adherence to coding standards, security best practices, and government regulations.</span></p><p></p><p><strong>",Land Transport Authority,"InfoComm, Technology, New Media Communications"
86,"[LTA - PT] DEPUTY/ASSISTANT MANAGER, PUBLIC TRANSPORT SECURITY","</strong></p>Deputy/Assistant Manager, Public Transport Security<p></p><p><strong> </strong></p><p>- Knowledge in any discipline.<br /><br />- At least three years of experience in security related industries.<br /><br />- Previous experience with SBD related functions would be an advantage. <br /><br />- Strong analytical and project management skills.<br /><br />- Good written, verbal, analytical and interpersonal skills.<br /> </p><p>- Quick thinking, clear logic and excels at solving problems systematically.<br /> </p><p>- Have strong execution and coordination abilities and results oriented.<br /> </p><p>- Good cross team communication and collaboration skills.</p><p></p><p><span>As part of the shortlisting process for the role, you may be required to complete a medical declaration and / or undergo further assessment.</span></p> </strong></p><p>You will be part of a dynamic team to oversee &amp; ensure physical security requirements are met in our Land Transport System. This includes working closely with various stakeholders, external consultants &amp; contractors during the design &amp; construction stages of our Land Transport facilities. You will be required to conduct security risk assessments and assess security reports under the Security-By-Design (SBD) process for Special Developments regulated under the Infrastructure Protection Act.</p><p></p><p><strong>",Land Transport Authority,Others
87,"[LTA-PT] MANAGER, BUS INFRASTRUCTURE MANAGEMENT","</strong></p>Manager, Bus Infrastructure Management<p></p><p><strong> </strong></p><p>- Knowledge in any discipline</p><p></p><p>- Preferably 8 years of relevant working experience, preferably in the bus industry, asset management or facility management.</p><p></p><p>- Strong analytical, communication, writing and presentation skills with attention to details.</p><p></p><p>- Excellent interpersonal skills and confidence in liaising with stakeholders across all organisational levels.</p><p></p><p>- Creative, hands-on individual with an excellent ability to manage multiple priorities in a dynamic environment.</p><p></p><p>- Candidates without direct experience but with a strong interest and relevant skills are welcome to apply.</p><p></p><p><span>As part of the shortlisting process for the role, you may be required to complete a medical declaration and / or undergo further assessment.</span></p> </strong></p><p>The Bus Infrastructure Asset Steward, Operation &amp; Management Division is responsible for the operations, maintenance and management of bus infrastructure, to ensure smooth bus operations and upkeep commuter experience.</p><p></p><p>You will be managing a team who is overseeing bus infrastructure operations to ensure business continuity and asset functional status. We are looking for a dynamic individual with strong communication and coordination skills to join our team.</p><p></p><p>Your key responsibilities are:</p><ul><li><p>Manage audit function to ensure all bus infrastructure are properly maintained and comply with established requirements.  </p></li></ul><ul><li><p>Maintain oversight of all works and activities that affects bus infrastructure, to ensure proper interfacing by LTA/ external project teams with bus operators. Where required, to identify areas for improvement and ensuring operational conditions remain optimal.</p></li></ul><ul><li><p>Assess bus infrastructure capacity to ensure optimal operations when there are bus service variations.</p></li></ul><ul><li><p>Manage relationships with both bus operators and vendors to ensure coordinated responses and solutions, while minimising disruption to regular operations during incidents.</p></li></ul><ul><li><p>Liaising with internal and external stakeholders for bus infrastructural matters.</p></li></ul><p></p><p><strong>",Land Transport Authority,Others
88,"[LTA-TRO] ASST/ DEPUTY/ MANAGER, TECHNOLOGY, OPERATIONS POLICY & STRATEGY","</strong></p>[LTA-TRO] ASST/ DEPUTY/ MANAGER, TECHNOLOGY, OPERATIONS POLICY &amp; STRATEGY<p></p><p><strong> </strong></p><ul><li><p>Knowledge in any discipline</p></li><li><p>Preferably at least 2 years’ working experience, involving either project management OR traffic/ enforcement technologies</p></li><li><p>Excellent organisational, coordination, analytical and planning skills</p></li><li><p>Familiarity with data management and analytics will be considered favourably</p></li><li><p>Have an ownership mindset</p></li><li><p>Ability to work independently in a fast-paced working environment</p></li><li><p>Good communication, stakeholder management and presentation skills</p></li><li><p>Candidates with no working experience may be considered</p></li></ul><p></p><p><span>As part of the shortlisting process for the role, you may be required to complete a medical declaration and / or undergo further assessment.</span></p> </strong></p><p>You will be part of the team that oversees technology and other innovation projects in Traffic and Road Operations Group. Your work involves driving the entire project life cycle from conceptualisation, process transformation, requirements gathering, procurement, development to implementation of enforcement and/or traffic related systems.</p><p></p><p>This requires you to collaborate closely with both internal and external stakeholders, to ensure that project objectives are met in a timely fashion. You shall also support funding process, review and translate users’ needs into user specification, ensure the deliverables match to users’ needs, prioritise the implements, and think out of box for users’ change requests. You are responsible for the transformation of business processes and engaging users to re-design processes to incorporate the use of technology.</p><p></p><p><strong>",Land Transport Authority,Others
89,"[LTA-LGL] ADMIN EXECUTIVE, LEGAL (1 YEAR TEMPORARY CONTRACT)","</strong></p>[LTA-LGL] ADMIN EXECUTIVE, LEGAL (1 YEAR TEMPORARY CONTRACT)<p></p><p><strong> </strong></p><p><span>• Experience in Law</span><br /><span>• Pro-active, solution and service-oriented mind set</span><br /><span>• Strong analytical and critical thinking skills </span><br /><span>• Good communication, drafting and interpersonal skills</span></p> </strong></p><p><span>The Land Transport Authority (LTA) spearheads land transport developments in Singapore. </span><br /><span>In support of this mission, the legal team at LTA handles various issues related to land transportation - ranging from emerging and disruptive land transport technology (such as electric vehicles, point-to-point transport and autonomous vehicles), the construction &amp; maintenance of various infrastructure, the regulation of various industries related to land transportation (such as active mobility, public and private transport) ) to the prosecution of various land transport related offences. </span></p><p></p><p><span>You will be part of a dynamic team of prosecutors and legal counsels whose role is to enforce the various penal provisions in the legislation under LTA’s purview. </span><br /><span>You will be involved in:</span><br /><span>• preparing court papers for Prosecutors before and after court mentions;</span><br /><span>• Prepare daily statistics on cases proceeded with, their court results and fines collected;</span><br /><span>• Filing, receiving and returning of court papers /files to various users divisions; </span><br /><span>• Recording and distributing of Investigation Files to prosecutors; and </span><br /><span>• Uploading of Affidavits of Services onto ICMS for night court cases. </span></p><p></p><p><strong>",Land Transport Authority,Administration Support
90,"[LTA-RLE&M] SENIOR ASSISTANT PROJECT ENGINEER, TRACKWORK","</strong></p>SENIOR ASSISTANT PROJECT ENGINEER, TRACKWORK<p></p><p><strong> </strong></p><p>• Diploma in Civil/ Mechanical / Electrical / Electronic Engineering <br />• Possessing  engineering experience, preferably in a railway/underground construction environment <br />• Candidates with supervisory experience will be preferred <br />• Team player who is analytical, resourceful, self-driven and keen to learn new skills <br />• Good communication, writing and presentation skills<br />• Good working knowledge of Microsoft Office applications<br />• Able to perform 2 or 3 rotating shifts<br />• Those without working experience are welcome to apply</p><p></p><p>As part of the shortlisting process for the role, you may be required to complete a medical declaration and / or undergo further assessment</p> </strong></p><p>You will be involved in Works Train Operation to carry out on-site inspections and co-ordinate with contractors to resolve daily site issues. Tasks include controlling of the movement of locomotives and wagons and pedestrian access by work parties. You will also be required to operate locomotives, supervise and train the Works Train operators/ shunters when necessary. </p><p></p><p><strong>",Land Transport Authority,Engineering
91,"[LTA-T&ID] SENIOR MANAGER / MANAGER, EV REGULATIONS (POLICY)","</strong></p>[LTA-T&amp;ID] SENIOR MANAGER / MANAGER, EV REGULATIONS (POLICY)<p></p><p><strong> </strong></p><ul><li>Knowledge in policy and regulatory frameworks</li><li>At least 8 years of relevant work experience</li><li>Strong strategic thinking and policy skills with a drive to learn</li><li>Be able to work in a fast-paced, dynamic environment; you may be required to work on multiple initiatives in the same period</li><li>Good writing, communication and presentation skills, with an eye for details</li><li>Able to work collaboratively in a cross functional team and with external stakeholders<br /> </li></ul><p>As part of the shortlisting process for the role, you may be required to complete a medical declaration and / or undergo further assessment.</p> </strong></p><p><strong>Why Join Us?</strong></p><p>At the National Electric Vehicle Centre (NEVC), we’re not just building infrastructure—we’re building the future. As Singapore accelerates its transition to electric mobility, we’re leading the charge (literally) in creating a safe, reliable, and accessible EV charging ecosystem. If you’re passionate about sustainability, policy innovation, and making a real impact, this is your moment.</p><p></p><p>As part of NEVC’s leadership team, you’ll <strong>oversee a dynamic unit responsible for shaping the regulatory landscape of Singapore’s EV charging industry</strong>. You’ll play a key role in enabling the safe and seamless growth of the EV charging network through both policy and operational levers.</p><p></p><p>Your responsibilities will include:</p><ul><li><strong>Lead development of</strong> <strong>policy and regulatory frameworks</strong> to ensure the safety, reliability, and accessibility of EV charging infrastructure across Singapore, while safeguarding public interest and being business-friendly.</li><li><strong>Effect legislative changes</strong> to ensure our frameworks evolve to meet tomorrow’s challenges and emerging needs.</li><li><strong>Oversee the licensing regime for EV charging operators</strong> to shape industry development and standards, while preserving policy space for innovation.</li><li><strong>Mentor and lead a team</strong> of policy officers, nurturing future leaders in sustainability and tech policy.</li><li><strong>Engage with diverse stakeholders</strong> – from government agencies to industry players – to align interests and drive national outcomes.</li></ul><p></p><p><strong>",Land Transport Authority,Policy Formulation
92,[LTA-RAOM] SNR / EXEC / ENGINEER (DATA ANALYTICS & APPLICATIONS),"</strong></p>DATA SCIENTIST / DATA ANALYTICS ENGINEER (ASSET MANAGEMENT (DATA &amp; ANALYTICS))<p></p><p><strong> </strong></p><p><span>• Knowledge in Data Science, Computer Science, Engineering, or a related field.<br />• Relevant experience in both data engineering and data analytics, railway engineering or a similar role will be an advantage.<br />• Proficiency in data engineering tools, programming languages and data modelling techniques (e.g., Python, SQL, ETL tools) as well as analytics tools (e.g. Tableau, Power BI, LLM, ML models).<br />• Strong analytical and problem-solving skills, with a focus on data quality and performance optimization.<br />• Excellent written and verbal communication skills to effectively convey technical concepts to non-technical stakeholders.<br />• Ability to work independently and collaboratively in a team environment.<br />• A proactive mindset with a passion for leveraging data to drive improvements in asset management processes and outcomes.</span></p><p></p><p>As part of the shortlisting process for the role, you may be required to complete a medical declaration and / or undergo further assessment.</p> </strong></p><p><span>You will be part of the Asset Management team focusing on data engineering and data analytics to support asset management use cases for the rail network. You will be responsible for designing and building data pipelines to prepare and optimize asset-related data for analytical applications while also involved as part of the implementation team to develop analytics solutions to drive asset management insights and enhance decision-making. You will work closely with teams from different disciplines within LTA, rail operators, system manufacturers on the data of the rail assets and on the rail asset management business use cases. You may also be required to review technical submissions and participate in the testing and commissioning of the data engineering/analytical decision support solutions. </span></p><p></p><p><span>Key Responsibilities:<br />• Design, develop, and maintain data pipelines to collect, process, and transform asset-related data from various sources for both engineering and analytical purposes.<br />• Ensure data integrity, quality, and accessibility by implementing best practices in data engineering and management.<br />• Collaborate with stakeholders to understand their data requirements and translate them into technical specifications for both data engineering and analytics projects.<br />• Conduct data analysis to identify trends, patterns, and insights that inform asset management practices and decision-making.<br />• Develop and implement data models and analytics frameworks that support business objectives and enhance asset performance.<br />• Create and maintain dashboards and visualizations that effectively communicate asset performance metrics and analytics findings to stakeholders.<br />• Implement and manage data within the organisation’s storage solutions (e.g., databases, data lakes) to facilitate efficient data retrieval, access and analysis.<br />• Work with cross-functional teams to prioritize and implement analytics-related user stories, ensuring timely delivery of data-driven insights.<br />• Document data engineering processes, data flows, and analytics workflows to support knowledge sharing and onboarding.<br />• Stay current with industry trends, tools, and best practices in data engineering and analytics to continuously improve processes and solutions.</span></p><p></p><p><strong>",Land Transport Authority,Engineering
93,"[LTA-RSE] ENGINEER (ELEC / MECH), ROLLING STOCK & DPT ENGINEERING (MRT TRAINS)","</strong></p>EXECUTIVE ENGINEER / ENGINEER (ELECTRICAL/MECHANICAL), ROLLING STOCK &amp; DEPOT ENGINEERING (MRT TRAINS)<p></p><p><strong> </strong></p><ul><li>Background knowledge in Electrical, Electronic, or Mechanical Engineering. Knowledge of data science/cybersecurity is a plus;</li><li>Strong interest in railway systems and eagerness to learn the engineering design of trains;</li><li>Self-motivated and resourceful with a positive working attitude;</li><li>Willingness to participate in site works (Singapore and overseas), including testing and commissioning activities, which will involve shift work (day and night shifts) on weekends and public holidays;</li><li>Good analytical, writing, communication, teamwork and interpersonal skill;</li><li>Those with relevant experience may be considered for senior position.</li></ul> </strong></p><p>You will work with a team of engineers focusing on engineering aspects of Rolling Stock <span>(MRT Trains)</span>. The projects you will be working on include MRT trains for both new and existing lines.</p><p>You will have the opportunities to work on developing technical specifications, reviewing design submissions from suppliers and exploring engineering initiatives to improve reliability, operation and maintenance of the Rolling Stock. You will also need to work closely with cross functional teams from different disciplines within LTA, as well as with railway operators and contractors to provide support to project teams at various stages.</p><p></p><p></p><p><strong>",Land Transport Authority,Engineering
94,"[LTA - PT] DEPUTY/ASSISTANT MANAGER, BUS STOP COORDINATION","</strong></p>Deputy/ Assistant Manager, Bus Infrastructure Management 1<p></p><p><strong> </strong></p><ul><li><p>Knowledge in any discipline.</p></li></ul><ul><li><p>Preferably 2 years of relevant working experience, preferably in the bus industry, asset management or facility management.</p></li></ul><ul><li><p>Strong analytical, communication, writing and presentation skills with attention to details.</p></li></ul><ul><li><p>Excellent interpersonal skills and confidence in liaising with stakeholders across all organisational levels.</p></li></ul><ul><li><p>Creative, hands-on individual with an excellent ability to manage multiple priorities in a dynamic environment.<br /> </p></li><li><p>Fresh graduates and candidates without experience are also welcome to apply.<br /> </p></li></ul><p>As part of the shortlisting process for the role, you may be required to complete a medical declaration and / or undergo further assessment.</p> </strong></p><p>The Bus Infrastructure Asset Steward, Operation &amp; Management Division is responsible for the operations, maintenance and management of bus infrastructure, to ensure smooth bus operations and upkeep commuter experience.</p><p></p><p>You will be part of a dynamic asset steward team to spearhead efforts to administer and manage bus interchanges and depots under the bus contracting model. We are looking for a dynamic individual with strong communication and coordination skills to join our team.</p><p></p><p>You will play a key role in:</p><ul><li><p>Driving bus infrastructure-related matters under Bus Contracting Model, from tender preparation to post-award transition and contract administration.</p></li></ul><ul><li><p>Managing bus interchange commercial and advertisement activities.</p></li></ul><ul><li><p>Driving bus infrastructure-related operational policies on use, operations and maintenance. This also includes developing strategies on asset management as part of LTA’s mandate to safeguard infrastructure.<br /> </p></li><li><p>Managing land-related licensing/ leasing matters, including occupation agreements.</p></li></ul><p></p><p><strong>",Land Transport Authority,Others
95,"[LTA-VS] EXECUTIVE, FOREIGN VEHICLE PERMITS (OPERATIONS)","</strong></p>EXECUTIVE, FOREIGN VEHICLE PERMITS (OPERATIONS)<p></p><p><strong> </strong></p><div>• Knowledge in any discipline</div><div>• Candidates with relevant experience customer service or digital services, may have an added advantage</div><div>• Good working knowledge in MS Office applications</div><div>• Good organisational, communication, and interpersonal skills</div><div>• Highly adaptable, able to work both independently and in a team, and multi-task in a dynamic and rapidly evolving environment</div><div>• Meticulous and detailed-oriented</div><div>• Those with relevant years of experience will be considered for senior positions</div><div></div><div>As part of the shortlisting process for the role, you may be required to complete a medical declaration and / or undergo further assessment.</div> </strong></p><p><span>You will provide both administrative and operational support to Foreign Vehicle Permits Division. Your role will include, but not limited to, processing of counter transactions and online applications, tracking of digital services reports, collating counter statistics, online applications audits, and handling customers’ feedback (both phone calls and written reply). You are also expected to perform operational checks on contractors, liaise with external agencies, audits at the checkpoints and provide system-related support from time to time. You may also be deployed to different LTA worksites during or after office hours.</span></p><p></p><p><strong>",Land Transport Authority,Enforcement
96,"[LTA-FIN] MANAGER / DEPUTY MANAGER, FINANCIAL PLANNING","</strong></p>Manager/Deputy Manager, Financial Planning<p></p><p><strong> </strong></p><p>• Knowledge in Accountancy/Business Administration/ Finance or equivalent professional qualifications preferred. Other disciplines are welcome to apply.</p><p></p><p>• At least 4 or more years of working experience. Candidates with more years of experience will be considered for more senior position.<br /> </p><p>• Good working knowledge and understanding of risk assessment and internal controls.<br /> </p><p>• Strong analytical skills, resourceful, meticulous and a team player.<br /> </p><p>• Excellent communication and interpersonal skills, with a collaborative mindset to work with diverse teams.<br /> </p><p>• Ability to interact across different internal and external stakeholders and at all levels.<br /> </p><p>• Data analytics knowledge will be an advantage.<br /> </p><p>As part of the shortlisting process for the role, you may be required to complete a medical declaration and / or undergo further assessment.</p> </strong></p><p><span>You will be part of the 2 Financial Planning team responsible to ensure governance and controls for Public Transport initiatives/ schemes as well as budgeting and funding matters. Your roles will include: </span><br /><br /><span>a) Leading the analysis and reporting of budgets related to Public Transport initiatives and schemes, including mid-term expenditure projections.</span><br /><br /><span>b) Partnering with various LTA Groups to provide insights on business processes and identify key business cost drivers for Public Transport initiatives and schemes.</span><br /><br /><span>c) Offering financial, funding, and governance advisory services to LTA Groups to enhance the quality of funding proposals for Public Transport initiatives and schemes. This includes suggesting best practices and identifying cost optimisation opportunities.</span><br /><br /><span>d) Playing a role in the development, planning and implementation of Public Transport related initiatives/schemes in line with the delivery of the organisation’s strategic objectives. </span><br /><br /><span>e) Contributing to the drive for continuous improvements by streamlining/optimising existing business processes and recommending/implementing digitalisation initiatives to achieve business excellence. </span><br /><br /><span>f) Any ad hoc assignments as required. </span></p><p></p><p><strong>",Land Transport Authority,"Accounting, Audit, Finance"
97,"[LTA-TRO] TRAFFIC ALGORITHM ENGINEER, TRAFFIC LIGHT MGMT & SENSORS","</strong></p>[LTA-TRO] TRAFFIC ALGORITHM ENGINEER, TRAFFIC LIGHT MANAGEMENT &amp; SENSORS<p></p><p><strong> </strong></p><p>• Knowledge in Computer Science, Traffic Engineering or related discipline<br />•Strong understanding of optimization algorithms and applications<br />• Familiarity of Traffic engineering concepts</p><p>•Programming experience (C&#43;&#43;, Python)<br />• Experience in CI/CD pipeline tools and development process frameworks (e.g. Waterfall, AGILE)<br />• Experience with software architecture and system design<br />• Excellent teamwork skills and able to collaborate in cross-functional team<br />• Independent and self-motivated contributor and passionate about algorithm development<br />• Attention to detail with strong analytical, conceptualisation and problem-solving skills<br />• Candidates with more experience might be considered for more senior roles</p><p></p><p>Optional Requirements:<br />• Practical knowledge of middleware protocols and IoT systems (DDS, MQTT etc.)<br />• Familiarity with traffic simulation software is preferred</p><p></p><p>As part of the shortlisting process for the role, you may be required to complete a medical declaration and / or undergo further assessment.</p> </strong></p><p><span>You will be part of a dynamic team to drive adoption of new intelligent traffic systems to improve the experience of road commuters and serve LTA&#39;s operational needs. You will be involved with the testing and development of novel algorithms, software applications and services, while building internal tech stack and capabilities to evaluate, anchor, and proliferate these technologies for operational usage. You will work closely with the Project Manager and the team to ensure the successful implementation, testing and commissioning of the software system within a live traffic environment.<br /><br />The role will encompass:<br />• Responsible for the full software development lifecycle, including build, integration, deployment, and support of algorithms, applications and services through a CI/CD pipeline<br />• Design, configuration, and optimization of novel algorithms and software modules for deployment in simulation and live environments<br />• Identify and explore suitable technologies and solutions to integrate as part of development and adoption roadmap<br />• Evaluate performance of deployed modules and systems, as well as tracing and troubleshooting of issues<br />• Work with internal and external stakeholders to manage desired requirements and develop application logic to realise those requirements</span></p><p></p><p><strong>",Land Transport Authority,Engineering
98,"[LTA-TRO] DEPUTY/ ASSISTANT MANAGER, TACTICAL ENFORCEMENT OPS","</strong></p>DEPUTY/ ASSISTANT MANAGER (TACTICAL ENFORCEMENT OPERATIONS), ENFORCEMENT ENGAGEMENT AND TRAINING<p></p><p><strong> </strong></p><p>What are we looking for:</p><p></p><ul><li><p>Knowledge in relevant field (e.g., Law Enforcement, Public Safety, Business Administration)</p></li><li><p>Preferably at least 3 years of relevant experience in law enforcement, operations management, or similar field</p></li><li><p>Strong leadership abilities with proven track record of team management</p></li><li><p>Excellent strategic planning and project management skills</p></li><li><p>Strong interpersonal skills with ability to build relationships across various stakeholder groups</p></li><li><p>Good understanding of relevant laws and regulations in Singapore</p></li><li><p>Experience in data analysis and operational planning</p></li><li><p>Positive attitude and able to thrive in a fast-paced working environment where occasional irregular hours is expected  </p></li><li><p>Good communication (verbal and written) skills</p></li></ul><p></p><p>As part of the shortlisting process for the role, you may be required to complete a medical declaration and / or undergo further assessment.</p> </strong></p><p>What you will be working on:</p><p></p><p>The Land Transport Authority (LTA) is a statutory board under Ministry of Transport that spearheads land transport developments in Singapore. We are seeking dynamic, energetic, highly motivated, passionate and qualified professionals to join us.   </p><p>  </p><p>Many opportunities &amp; challenges await those who are keen on an exciting career to realise our commitment to envision &amp; implement an integrated transport system.  </p><p>  </p><p>We are seeking a dynamic and experienced professional to join in leading our Tactical Enforcement Operations team in ensuring safety and compliance on Singapore&#39;s roads and paths.</p><ul><li><p>Lead and manage a team of enforcement officers in planning and executing targeted operations against violations under the Active Mobility Act and Road Traffic Act</p></li><li><p>Develop comprehensive enforcement strategies to address non-compliant behaviour by vehicle and active mobility device users</p></li><li><p>Foster strong partnerships with key stakeholders and other law enforcement agencies to ensure coordinated and effective operations</p></li><li><p>Spearhead projects to enhance operational capabilities, including the adoption of new technologies and methodologies</p></li><li><p>Analyse enforcement data and trends to optimise resource deployment and operational effectiveness</p></li><li><p>Mentor and develop team members to build a high-performing enforcement unit</p></li></ul><p></p><p><strong>",Land Transport Authority,Training and Development
99,[LTA-RSE] MANAGER/PRINCIPAL ENGINEER (CLOUD INFRASTRUCTURE AND SECURITY),"</strong></p>MANAGER / PRINCIPAL ENGINEER (CLOUD INFRASTRUCTURE AND SECURITY)<p></p><p><strong> </strong></p><p>As a Manager/Principal Engineer in System Architecture and Assurance Division, you will be responsible to implement technologies and solutions to modernise our Automatic Fare Collection (AFC) system (which is part of the SimplyGo ticketing system). You will be able to apply your skills in IT networking or/and system administration, and cybersecurity to carry out in-house design and implementation, collaborating with both internal project teams and external stakeholders. Your responsibilities will include to</p><ul><li>Develop and manage Cloud infrastructure and cybersecurity solutions to protect the AFC system</li><li>Work with various stakeholders to ensure effective system and security integration</li><li>Perform system impact and risk analysis</li><li>Implement cybersecurity strategies and infrastructure solutions</li><li>Strong background in IT or Computer Engineering</li><li>At least 3 years of relevant experience in implementing IT networks or/and system administration and cybersecurity which include systems on Cloud</li><li>Likes to analyse and is able to communicate and write clearly</li></ul><p></p><p><u>Bonus Skills:</u></p><ul><li>AWS certifications (e.g., AWS Certified Solutions Architect – Associate/Professional) are strongly preferred</li><li>Familiarity with DevSecOps and implementing Infrastructure-as-a-Code (IaC)</li><li>Curious and self-motivated to stay updated with new technologies such as 5G, AI/ML, IoT, or real-time analytics.</li><li>As part of the shortlisting process for the role, you may be required to complete a medical declaration and / or undergo further assessment.</li></ul><p>As part of the shortlisting process for the role, you may be required to complete a medical declaration and / or undergo further assessment.</p> </strong></p><p>We are looking for a dedicated professional with relevant experience and strong interest in Cloud Infrastructure and Security to join our team. You will play a critical role in safeguarding our nation’s e-payment system infrastructure.</p><ul></ul><p></p><p><strong>",Land Transport Authority,"InfoComm, Technology, New Media Communications"
100,"[LTA-PT] DEPUTY/ASSISTANT MANAGER, DIGITAL SERVICES","</strong></p>Deputy/Assistant Manager, Digital Services<p></p><p><strong> </strong></p><ul><li><p>Knowledge in IT-related disciplines.</p></li></ul><ul><li><p>Minimum 5 years of experience in IT system development, maintenance, and project management within operational environments.</p></li></ul><ul><li><p>Strong analytical skills with proven experience in process improvement and digital transformation projects.</p></li></ul><ul><li><p>Excellent stakeholder management abilities with superior written and verbal communication skills.</p></li></ul><ul><li><p>Self-motivated and detail-oriented professional capable of developing innovative solutions for complex operational challenges.</p></li></ul><ul><li><p>Adaptable team player who excels in fast-paced environments whilst managing competing priorities.</p></li></ul><ul><li><p>Proficiency in digitalisation tools such as Python, UiPath, or other RPA platforms will have added advantage.<br /> </p></li></ul><p>As part of the shortlisting process for the role, you may be required to complete a medical declaration and / or undergo further assessment.</p> </strong></p><p>Join the Vocational Licence and Service Excellence Division as part of our digital services team, responsible for maintaining and enhancing critical vocational licensing systems that support Singapore&#39;s transport ecosystem. This division oversees the issuance and processing of vocational licences for taxi, private hire car, public and private bus drivers, and bus conductors.</p><p></p><p><strong>Key Responsibilities </strong></p><p></p><p>In this dynamic role, you will maintain and enhance LTA&#39;s vocational licensing systems while supporting system-related projects to improve licensing operations. You will collaborate closely with operational teams and stakeholders to gather requirements and ensure these are effectively translated into robust system designs.</p><p></p><p>A core aspect of this position involves managing appointed IT vendors to deliver essential system functionalities and meet project objectives. You will also drive IT transformation initiatives like adoption of automation and Artificial Intelligence within the Division, contributing to the modernisation of our digital infrastructure and service delivery capabilities.</p><p></p><p><strong>",Land Transport Authority,Others
101,"[LTA-RLE&M] SENIOR / EXECUTIVE / PROJECT ENGINEER, ELECTRICAL SERVICES","</strong></p>SENIOR / EXECUTIVE / PROJECT ENGINEER, ELECTRICAL / MECHANICAL SERVICES<p></p><p><strong> </strong></p><p>• Knowledge in Electrical / Mechanical Engineering <br />• Possessing relevant working experience, preferably in large-scale infrastructure projects<br />• Good appreciation of the constraints and interface requirements of civil, electrical works <br />• Strong project management and leadership skills with proven track records<br />• Good communication and presentation skills<br />• Team player who is analytical, resourceful and result-oriented<br />• Able to perform occasional night works including weekends and public holidays<br />• Those without working experience are welcome to apply</p><p></p><p>As part of the shortlisting process for the role, you may be required to complete a medical declaration and / or undergo further assessment</p> </strong></p><p><span>You will play a lead role in managing the Building Services Contractors in the construction of underground MRT stations. You will be involved with managing the safety, quality and progress of the Contractors’ works. You will assist the Project Managers in planning and managing the cashflows of the various contracts as well as the issuance of instructions and assessment of variations/ payments/ claims. You will liaise with various parties, such as other project teams, system wide and civil contractors, designers, architects, stakeholders and appointed Railway Operator to ensure that the projects are well coordinated. </span></p><p></p><p><strong>",Land Transport Authority,Engineering
102,"[LTA-IA] DEPUTY/ASSISTANT MANAGER, INTERNAL AUDIT","</strong></p>DEPUTY/ASSISTANT MANAGER, INTERNAL AUDIT<p></p><p><strong> </strong></p><p>• Knowledge in Accounting, Finance, Business Administration or equivalent<br /><br />• Professional qualifications such as CA, CIA or CISA is preferred</p><p><br />• At least 3 years of relevant experience in internal<strong>,</strong> operational and IT application system audits <br /><br />• Good working knowledge and understanding of risk assessment, internal controls and adoption of data analytics<br /><br />• Knowledge of the developments in the ICT industry and profession would be an advantage<br /><br />• Strong analytical, problem solving and project management skills<br /><br />• Able to work in teams as well as independently with minimal supervision<br /><br />• Good report writing, communication and interpersonal skills</p><p><br />• Experience in Data Analytics and automation tools<br /><br />• Experienced candidates would be considered for senior appointment</p><p></p><p>As part of the shortlisting process for the role, you may be required to complete a medical declaration and / or undergo further assessment.</p> </strong></p><p>You will conduct risk-based financial, operational, IT application, other audits and advisory projects. You will be responsible for various aspects of the audit including risk assessment, planning and conducting audits covering operational processes and systems, using audit software for data analyses and work paper documentation, preparing reports and communicating results to Management and Audit Committee/Board.</p><p></p><p>You will also be required to review and provide advisory on governance, risks and internal controls on new systems/processes, as requested by Management. You will be required to participate or assist on ad-hoc projects of IA sub-group.</p><p></p><p><strong>",Land Transport Authority,"Accounting, Audit, Finance"
103,"[LTA-RLE&M] SENIOR / EXECUTIVE PROJECT ENGINEER, RAIL COMMUNICATIONS","</strong></p>Senior / Executive / Project Engineer, Rail Communications<p></p><p><strong> </strong></p><p><span>•</span> <span>Knowledge in Electrical and Electronics Engineering</span><br /><span>• Relevant experience in large-scale infrastructure projects will be considered for senior position.</span><br /><span>• Good appreciation of the constraints and interface requirements of civil, trackwork, electrical and mechanical works</span><br /><span>• Strong project management, decision making and leadership skills with proven track records will be of advantage.</span><br /><span>• Good communication and presentation skills</span><br /><span>• Team player who is analytical, resourceful, and result-oriented</span><br /><span>• Able to perform occasional night works including weekends and public holidays</span></p><p><span>• Those without working experience are welcome to apply</span></p><p></p><p><span>As part of the shortlisting process for the role, you may be required to complete a medical declaration and / or undergo further assessment</span></p> </strong></p><p><span>You will play a lead role in managing the Contractors to design, supply, install, test and commission the rail communications system namely fibre-optic transmissions, digital trunked radio, public address and telephony, CCTV surveillance, access management and travel information systems at MRT control centre, depot, stations and trackside for extension/enhancement to Existing Lines and new MRT Lines. You will assist in ensuring the safety, quality, progress and environmental impact of the Contractors&#39; works. You will be involved in the planning and managing the risks and cash flows of the various contracts as well as the issuance of instructions and assessment of variations / payments / claims. You are also required to liaise with various parties, such as other project teams, contractors, designers, architects, stakeholders and appointed Railway Operator to ensure that the projects are well coordinated. In addition, you will be required to prepare tender specifications, participate in tender evaluation and award.</span></p><p></p><p><strong>",Land Transport Authority,Engineering
104,"[LTA-PT] MANAGER, BUS PROCUREMENT","</strong></p>As part of the Bus Procurement team, you will play a crucial role in developing, overseeing, and executing initiatives to strengthen asset management for Singapore’s public bus transport system. Your efforts will directly contribute to ensuring a safe, sustainable, and reliable bus fleet that meets operational demands.<p></p><p><strong> </strong></p><ul><li><p><span>Tertiary qualification in Engineering (Electrical, Electronic, Mechanical, or equivalent).</span></p></li><li><p><span>Minimum 8 years of relevant experience in the automotive technology or related industry, preferably with knowledge of bus systems, service, and maintenance.</span></p></li><li><p><span>Familiarity with hybrid or electric vehicle technologies is a plus.</span></p></li><li><p><span>Experience in public bus or transport industries and data analytics skill are advantageous.</span></p></li><li><p><span>Strong analytical, planning, execution, and problem-solving abilities.</span></p></li><li><p><span>Excellent written and verbal communication, attention to detail, and IT proficiency.</span></p></li><li><p><span>Proactive, self-motivated, and able to work independently.</span></p></li><li><p><span>Candidates without direct experience but with a strong interest and relevant skills are welcome to apply.</span><br /> </p></li></ul><p><span>As part of the shortlisting process for the role, you may be required to complete a medical declaration and / or undergo further assessment.</span></p> </strong></p><p>Your key responsibilities will include:</p><p></p><p><span>1. Driving asset renewal and replacement strategies to meet operational and sustainability objectives.</span></p><p></p><p><span>2. Leading the formulation of asset requirements, including preparing tender specifications and evaluating tender submissions.</span></p><p></p><p><span>3. Managing end-to-end bus procurement processes—from market sounding and tender preparation to bid evaluation and contract negotiation with manufacturers.</span></p><p><br />4. <span>Conducting pre-delivery inspections and testing onboard bus equipment to ensure compliance with contract standards.</span></p><p></p><p><span>5. Coordinating with cross-functional teams to ensure smooth integration of systems and technologies onto bus platforms.</span></p><p></p><p><span>6. Building and maintaining strong partnerships with bus manufacturers and suppliers to stay abreast of industry innovations and product developments.</span></p><p></p><p>7. <span>Conducting market research on emerging bus technologies and trends to recommend updated design specifications aligned with public transport needs.</span></p><p></p><p>8. <span>Overseeing bus procurement budgets to ensure cost-effective purchasing without compromising quality.</span></p><p></p><p>In addition, you will contribute to continuous improvements in asset management practices by streamlining processes and optimizing systems to support the evolving public transport landscape. This includes developing procurement strategies aligned with long-term fleet management and sustainability goals.</p><p></p><p><strong>",Land Transport Authority,"InfoComm, Technology, New Media Communications"
105,[LTA-RSE] PRINCIPAL/ SNR/ EXE ENGR (SOLUTION ARCHITECT– CLOUD AFC & PAYMENTS),"</strong></p>PRINCIPAL/ SENIOR/ EXECUTIVE ENGINEER (SOLUTION ARCHITECT – CLOUD AFC &amp; PAYMENTS)<p></p><p><strong> </strong></p><ul><li>Strong knowledge in Computer Science, Engineering, Information Systems, or related field.</li><li>At least <strong>3 years of experience</strong> in solution architecture, systems analysis/design, or complex application development.</li><li>Proven experience designing or supporting cloud-based systems (preferably AWS).</li><li>Familiarity with e-payment technologies, particularly in the context of fare collection, transaction clearing, and EMV-based systems.</li><li>Strong communication skills, system design analysis and ability to resolve complex multi-stakeholder issues</li><li>Experience with stakeholder management and working in complex, multi-vendor environments.</li></ul><p></p><p><u>Bonus Skills:</u></p><ul><li>AWS certifications (e.g., AWS Certified Solutions Architect – Associate/Professional) are strongly preferred</li></ul><p></p><p><span>As part of the shortlisting process for the role, you may be required to complete a medical declaration and / or undergo further assessment.</span></p> </strong></p><p>We are seeking a passionate and experienced Solution Architect to play a key role in the modernisation of Singapore’s Automatic Fare Collection (AFC) system, which supports Account-Based Ticketing &amp; Card-Based Ticketing, to deliver seamless, secure, and scalable public transport experience. This is a high-impact opportunity to contribute to the digital transformation of Singapore’s public transport systems and we are looking for experienced solution architects to help lead this transformation.</p><p></p><p>As part of the System Architecture and Assurance Division, you will lead and drive end-to-end solution design, architecture governance, and technical assessments across complex integrations involving payment systems, backend processing, cloud services, and system security. You will be instrumental in applying the driving design best practices and ensuring system reliability at a national scale.</p><p></p><ul><li>Architect and design secure, scalable, and high-availability system solutions for AFC and payment systems, including those using <strong>EMV</strong>, open-loop standards, account-based ticketing and card-based ticketing models.</li><li>Lead cloud solutioning and migration strategies, particularly for <strong>AWS-based deployments</strong>, ensuring alignment with LTA’s cloud adoption roadmap.</li><li>Collaborate closely with internal stakeholders (project teams, software development teams, operations) and external partners (vendors, financial institutions) to develop robust and future-ready solutions.</li><li>Analyse business and system requirements and translate them into high-level and detailed technical specifications and interface designs.</li><li>Perform <strong>technical impact analysis</strong> for change requests and system enhancements, ensuring minimal disruption to mission-critical AFC operations.</li><li>Produce and maintain architecture diagrams, API/interface specifications, integration patterns, and designs for complex multi-vendor and multi-system environments</li><li>Contribute to architecture governance, cloud best practices, security controls, and system resiliency planning.</li><li>Conduct <strong>solution walkthroughs, architecture reviews, and technical presentations</strong> for internal and external stakeholders.</li></ul><p></p><p><strong>",Land Transport Authority,"InfoComm, Technology, New Media Communications"
106,"[LTA-TRO] ASSISTANT MANAGER, APPEALS","</strong></p>ASSISTANT MANAGER, APPEALS<p></p><p><strong> </strong></p><ul><li><p>Knowledge in any discipline</p></li><li><p>Preferably at least 4 to 5 years of relevant experience, ideally in enforcement functions or customer service</p></li><li><p>Good communication, writing, interpersonal and analytical skills</p></li><li><p>Self-motivated, able to work independently and as a team in a dynamic environment</p></li><li><p>Meticulous and resourceful</p></li><li><p>Proficient in Microsoft Office applications (Excel, Word, PowerPoint)</p></li></ul><p></p><p>As part of the shortlisting process for the role, you may be required to complete a medical declaration and / or undergo further assessment.</p> </strong></p><p>You will be responsible for overseeing a team handling appeals arising from offences committed under the Road Traffic Act, Active Mobility Act and other Acts under LTA’s administration and their subsidiary legislation. Your core duties include reviewing and responding to appeals, preparing comprehensive reports with analysis and recommendations, and monitoring key performance indicators. There will be opportunities to collaborate with various LTA divisions, government and external agencies, communities, and the public to resolve multi-faceted issues while managing escalated enquiries from the public and other agencies. Additionally, you will spearhead developmental projects to streamline work processes and enhance operational efficiency of the team.</p><p></p><p><strong>",Land Transport Authority,Enforcement
107,"[ LTA-RAOM ] SNR / EXEC / ENGINEER, ASSET ENGINEERING (INFRASTRUCTURE)","</strong></p>You are responsible to oversee the condition of Civil and Architectural (Permanent Way) assets of one of a MRT or LRT line in Singapore. You will assist senior colleagues and the rail operator to investigate defects, propose remedial plan, evaluate asset refurbishment, enhancement or renewal proposals to improve the condition, durability and maintainability of assets under your charge. You will assist senior colleagues in reviewing the design of new infrastructures, in inducting new technology solutions for maintenance of infrastructures and asset management.<p></p><p><strong> </strong></p><p><span>• Knowledge in Civil Engineering / Rail Engineering / Building / Facilities Management, or other relevant disciplines </span></p><p><span>• Possesses relevant knowledge of railway work environment and maintenance management </span></p><p><span>• Strong analytical skills, creative problem-solving ability, good judgment, and the capacity to work independently and collaboratively </span></p><p><span>• Good leadership, communication and interpersonal skills </span></p><p><span>• Candidates without experience are also welcomed to apply. </span></p><p></p><p><span>As part of the shortlisting process for the role, you may be required to complete a medical declaration and / or undergo further assessment.</span></p> </strong></p><p><span>1. Provide Operations &amp; Management (O&amp;M) and Life Cycle Management inputs on Architectural and Civil (Pway) Assets of new and existing MRT/LRT lines to achieve optimal maintainability and cost-effective support for the assets. </span></p><p><span>2. Work with operators and LTA colleagues to investigate failures or defects of assets under your charge, work with other LTA and external stakeholders (if required) to propose remedial actions asset and track their completion. </span></p><p><span>3. Assist in evaluation of modification, renewal/replacement, or enhancement proposals to improve the reliability and durability of assets under your charge. </span></p><p><span>4. Oversee the transfer of care, control and custody (TCCC) of Architectural and Civil (Pway) Assets from LTA Project Team to Operator after completion of constructure; account for and manage asset inventory for all new and existing infrastructures, compilation of relevant asset information, track configurations changes and disposal of assets throughout their service life. </span></p><p><span>5. Plan and conduct maintenance and asset condition audits to verify the Operators’ maintenance quality, existing asset condition and improve maintenance regime of assets under your charge. 6. Review asset management plans, defect reports, condition assessment reports or other engineering reports related to assets under your charge. 7. Assist senior colleagues to explore and induct new technology solutions to enhance asset management and maintenance effectiveness and productivity.</span></p><p></p><p><strong>",Land Transport Authority,Engineering
108,"[LTA-RLE&M] SNR / ASSISTANT PROJECT ENGINEER, RAIL SERVICES","</strong></p>SENIOR / ASSISTANT PROJECT ENGINEER, RAIL SERVICES<p></p><p><strong> </strong></p><p>• Diploma in Mechanical / Electrical Engineering <br />• Strong project management skills<br />• Good communication, written and interpersonal skills<br />• Able to perform shift and overtime work including weekends<br />• Candidates with strong relevant years of experience will be considered for senior positions<br />• Please indicate your preference to work on which of the above systems<br />• Those without experience are welcome to apply</p><p></p><p>As part of the shortlisting process for the role, you may be required to complete a medical declaration and / or undergo further assessment</p> </strong></p><p>You will be part of the Rail Group (Electrical and Mechanical) to supervise the construction of rail transit projects. In the course of your work, you will assist the Engineer to review the contractor&#39;s materials submissions, test procedures, method statements and shop drawings, monitor progress of contractor&#39;s site activities and ensure timely completion of the work. You will be assigned to work on one of the following services:</p><p></p><p>Building Services<br />You will work on various Electrical and Mechanical building services systems such as environmental control and tunnel ventilation system, local sequential control system, building management system, compressed air system, uninterruptible power supply, emergency lighting systems, PLC controls for Electrical and Mechanical equipment, addressable fire alarm system, clean gas total flooding system, automatic fire sprinkler system and emergency power supply system.  </p><p></p><p>Environment Control System <br />You will work on the Environment control systems comprising tunnel ventilation, air distribution, chilled water, mechanical ventilation and smoke control and Local Sequential control Systems.</p><p></p><p>Electrical Services <br />You will work on the Electrical services comprising the Main electrical switchboards, emergency generators, cabling works, uninterruptable power supply, lighting and lightning protection Systems.</p><p></p><p>Fire Protection<br />You will work on the fire protection systems comprising addressable automatic fire alarm, automatic clean gas total flooding, dry mains, hose- reel and automatic fire sprinkler systems.</p><p></p><p><strong>",Land Transport Authority,Engineering
109,"[LTA-MDET] PRINCIPAL DEVELOPER, FRONTEND","</strong></p>PRINCIPAL DEVELOPER, FRONTEND<p></p><p><strong> </strong></p><p>•    At least 7 years of experience building web frontends, with proven expertise in managing web frontends deployed on enterprise cloud. <br />•    Expert in HTML, CSS, JavaScript, Angular, and component-based architecture. Proficient with Git workflows and deploying to cloud. <br />•    Experience working closely with UX designers, with a keen eye for interaction details – you can tweak pixels but also see the big picture and prioritise what is important.<br />•    Familiarity with design principles such as REST APIs and state management, cybersecurity (OWASP, PCI-DSS), and frontend testing (e.g. Playwright, Cypress).<br />•    Proven experience working with design systems, fixing conflicts across UI libraries, using component libraries, and frontend performance optimisation.<br />•    Know-how to integrate AI tools (e.g. Copilot, Cursor) to accelerate development while ensuring compliance with organisational governance and controls.<br />•    Strong communication and collaboration skills, you proactively seek feedback, handle ambiguity, and get things done.<br />•    Comfortable in a startup-like setting, where roles flex and speed matters, and bring a proactive attitude and strong ownership mentality to the table.<br /> </p> </strong></p><p>Join a team of changemakers on a mission to redesign the motoring experience – creating a future where transactions happen effortlessly, touchpoints are thoughtfully designed, and where every interaction in a delight. You will be part of a team to reinvent the One Motoring platform, building new capabilities to enable real-time billing, personalised dashboards, and intuitive user flows.</p><p><br />As our Principal Developer, Frontend, you’ll work closely with the UI and product teams to translate concepts into fluid, responsive, and accessible interfaces. You’ll thrive in a fast-moving environment where requirements evolve, design iterates quickly, and your code goes live fast. You will work in a team of full-stack developers as the guru in frontend development.</p><p><br />What You’ll Do<br />•    Build Beautiful Frontends: Develop responsive, high performing interfaces that deliver clean, fast, and delightful experiences across devices.<br />•    Co-Creating Requirements: Collaborate with product managers, designers, and other developers to refine designs, iterate quickly, and respond to evolving user needs.<br />•    Integrate Seamlessly with APIs: Work with backend engineers to integrate dynamic data and services, ensuring smooth front-to-back experiences.<br />•    Focus on Quality &amp; Usability: Implement unit tests, manage UI testing, and ensure accessibility and responsiveness are not compromised.<br />•    Contribute to Design Systems: Help evolve our in-house design system, maintaining consistency and reusability across the conglomerate of products.<br />•    Own Features from Start to Finish: Take responsibility for end-to-end delivery of frontend components, from planning, development, to deployment.<br /> </p><p></p><p><strong>",Land Transport Authority,"InfoComm, Technology, New Media Communications"
110,[LTA-RSE] EXECUTIVE ENGINEER / ENGINEER (BUSINESS REQUIREMENTS),"</strong></p>EXECUTIVE ENGINEER / ENGINEER (BUSINESS REQUIREMENTS)<p></p><p><strong> </strong></p><p>• Background knowledge in Information Technology or Engineering</p><p>• Understanding of system implementation lifecycle with preferably at least 1 project analysing project requirements;</p><p>• Savviness with technology and daring to try innovative solutions;</p><p>• Good written and verbal communication skills;</p><p>• Able to work well both independently as well as in a team;</p><p>•  Internships in payment systems or Automatic Fare Collection systems using Smart Cards would be an advantage</p><p></p><p>As part of the shortlisting process for the role, you may be required to complete a medical declaration and / or undergo further assessment.</p> </strong></p><p>As part of the Business Requirements team, you will analyse and establish the users’ requirement for Automatic Fare Collection (AFC) system used by commuters and public transport operators of buses and MRT/LRT.</p><p></p><p>With the implementation of Account-Based Ticketing which allows commuters to pay for public transport fares using credit and debit cards, you will get to understand how the new payment modes are implemented at the bus and rail ticketing systems and have many opportunities to put in place requirements to fulfil more and evolving user needs.</p><p></p><p>You will work with various stakeholders from within and outside the organization to deliberate on and rationalize through the business and operational needs, to make these into requirements that could be feasibly and sustainably implemented at the system. You will fit well into this job if you are a people person who likes to interact, think, and write systematically, and able to communicate clearly to explain the requirements to different target groups.</p><p></p><p><strong>",Land Transport Authority,Engineering
111,"[LTA-RCID] SENIOR/EXECUTIVE ENGINEER,COMMUTER INFRASTRUCTURE DEVELOPMENT(CIV 2)","</strong></p>SENIOR / EXECUTIVE ENGINEER, COMMUTER INFRASTRUCTURE DEVELOPMENT (CIVIL 2)<p></p><p><strong> </strong></p><p><span>• Knowledge in Civil / Structural Engineering</span><br /><span>• At least 2 years of relevant experience in project / construction environment, or in civil / structural design</span><br /><span>• Strong leadership skill with good knowledge in building codes and construction safety regulations</span><br /><span>• Good knowledge in BIM and relevant software programmes for project planning / management will be an advantage</span><br /><span>• Experience in Transformation &amp; Productivity for workplace / construction industry will be an advantage</span><br /><span>• Detail-oriented with strong analytical, written and verbal communication skills</span><br /><br /><span>As part of the shortlisting process for the role, you may be required to complete a medical declaration and / or undergo further assessment.</span></p> </strong></p><p><span>You will manage the design and construction of bus depots and bus interchanges/terminals. You will be responsible for the supervision and timely completion of projects, ensuring that works are carried out in accordance with budget, contract specifications, design, safety requirements and quality standards. As part of project coordination on contractual, technical and public relations matters, you will be required to work closely with contractors, design consultants, government agencies and community stakeholders.</span></p><p></p><p><strong>",Land Transport Authority,Engineering
112,"[LTA-IDE] EXECUTIVE, LAND","</strong></p>EXECUTIVE, LAND<p></p><p><strong> </strong></p><ul><li>Knowledge in Real Estate, Land Management, Urban Planning, Geography, Geomatics, or a related discipline.</li><li>Knowledge and hands-on experience in GIS software (e.g., ArcGIS, QGIS) and spatial data analysis will be an advantage</li><li>Experience with AutoCAD/Microstation software</li><li>Strong analytical, organizational, and communication skills.</li><li>Able to work independently and collaboratively in a fast-paced, cross-functional environment.</li><li>Prior experience in land management, planning, or public sector projects will be an advantage.</li></ul> </strong></p><p>This role focuses on procuring land for LTA projects, involving the planning, coordination, and management of land acquisition and securing of land for transport infrastructure projects. The position requires providing advice on land-related matters, budgeting, and ensuring alignment with regulatory policies and development guidelines.</p><p></p><p>Other job scope includes utilizing Geospatial Information Systems (GIS) to manage, analyze, and visualize spatial data related to land and infrastructure assets. This involves maintaining and updating land and geospatial databases, maps, and related documentation to ensure accuracy and currency.</p><p></p><p>The role also involves liaising with government agencies to resolve land-related matters, while supporting policy development through spatial analysis and land management strategies.</p><p></p><p><strong>",Land Transport Authority,Landscape/Horticulture
113,"[LTA-TRO] PRINCIPAL/ SENIOR EXECUTIVE, APPEALS","</strong></p>PRINCIPAL/ SENIOR EXECUTIVE, APPEALS<p></p><p><strong> </strong></p><p>• Knowledge in any discipline<br />• Preferably at least 2 years of relevant experience ideally in enforcement functions or customer service</p><p>• Resourceful, self-motivated and ability to work independently and as a team</p><p>• Able to exercise sound judgment with ability to multi-task in a dynamic environment</p><p>• Good analytical, written and communication skills</p><p>• Able to communicate well with the public and handle difficult customers<br />• Proficient in Microsoft Office applications (Excel, Word, PowerPoint)</p><p></p><p>As part of the shortlisting process for the role, you may be required to complete a medical declaration and / or undergo further assessment.</p> </strong></p><p>You are responsible for reviewing and responding to appeals arising from offences committed under the Road Traffic Act, Active Mobility Act and other Acts under LTA’s administration and their subsidiary legislation. Depending on the circumstances of each case, you may be required to prepare a comprehensive report of your analysis and recommendation. You will also need to handle general enquiries made by members of public, motorists and or other agencies. In addition, you will assist in developmental projects to streamline work processes and enhance operational efficiency of the team.</p><p></p><p><strong>",Land Transport Authority,Enforcement
114,"[LTA-PT] ASSISTANT MANAGER, BUS SERVICE DEVELOPMENT","</strong></p>Assistant Manager, Bus Service Development<p></p><p><strong> </strong></p><p><span>• At least 2 years of relevant working experience</span><span>.</span></p><p><span><span> </span></span></p><p><span>• Must be </span><span>organised</span><span> and able to work with minimal supervision to ensure tasks are well completed and project is on schedule</span><span>.</span></p><p></p><p><span>• Have a positive attitude and good interpersonal skills, able to work and communicate effectively with stakeholders to ensure business needs are met</span><span>.</span></p><p><span><span> </span></span></p><p><span>• Possess strong communication skills with an excellent command of English language – able to prepare and deliver clear written, verbal, and visual proposals to senior management (</span><span>e.g.</span><span> presentation, papers, and communications materials)</span><span>.</span><br /> </p><p><span><span> </span>• Thrive in an Agile and fast-paced environment</span><span>.</span><br /> </p><p><span>• Team player who is resourceful, analytical, self-motivated and confident</span><span>.</span></p><p></p><p><span>• Candidates without experience but display potential aptitude in the role are welcome to apply</span><span>.</span></p><p></p><p><span>As part of the shortlisting process for the role, you may be required to complete a medical declaration and / or undergo further assessment.</span></p> </strong></p><p><span>You will be part of the team that evaluates the applications for bus service </span><span>licenses</span><span> and use of bus stop and monitors the operations of the bus services to ensure compliance with the licensing conditions. </span><br /> </p><p><span>In addition, you will be involved in the reviews of the public transport regulatory framework and tasked to recommend policies and schemes to improve the bus services to make public transport a choice mode. </span><br /> </p><p><span>In the course of work, you will need to liaise frequently with other government agencies, bus operators, private </span><span>organisations</span><span> and community leaders, as well as attend to public feedback. </span></p><p></p><p></p><p><strong>",Land Transport Authority,Others
115,"[LTA-LGL] DEPUTY DIRECTOR, LEGAL VEHICLES (REGULATION & LICENSING)","</strong></p>DEPUTY DIRECTOR, LEGAL VEHICLES (REGULATION &amp; LICENSING)<p></p><p><strong> </strong></p><p><span>- Tertiary qualification in Law</span><br /><span>- Qualified Person under the Legal Profession Act 1966 or called to the Singapore Bar</span><br /><span>- Minimum 10 years Post Qualification Experience </span><br /><span>- Experience in regulatory and policy work </span><br /><span>- Experience in working with Ministries and Statutory Boards </span><br /><span>- Pro-active, solution and service-oriented mindset</span><br /><span>- Positive attitude, self-motivated, willing to learn and collaborative </span><br /><span>- Strong analytical and critical thinking skills</span><br /><span>- Good communication, writing and interpersonal skills</span><br /><span>- Able to nurture and inspire team members</span></p> </strong></p><p><span>This Division provides legal services to LTA policy and operations divisions engaging in a diverse spectrum of land transport matters including polices on road and path usage, as well as passenger vehicle technology and services. </span><br /><br /><span>You will lead a team of lawyers working on delivering timely and practical solutions for emerging and dynamic land transport issues. You will work closely with policy and operations divisions by giving legal advice on policies that are being formulated and following through to achieve the intended outcome, whether by developing new legislation, leveraging on existing regulatory powers or advising on development and operational matters. The team is required to research, prepare and render opinions, draft contracts and other legal documents, and generally advise on LTA’s regulatory and licensing function. As Deputy Director, you will manage the team and be the effective bridge between staff officers and senior management.</span><br /><br /><span>Examples of the work you will be involved in include:-</span><br /><span>- Advisory and project management responsibility across a broad range of legal subjects; </span><br /><span>- Provide legal advice that is accurate, effective and practical on a wide range of policies;</span><br /><span>- Provide quick and effective responses to queries by senior management relating to matters under the division’s purview;</span><br /><span>- Participation in other projects as required.</span><br /><br /><span>As a leader of this Division, you will provide legal support for LTA’s vision of a more people-centred land transport system.</span></p><p></p><p><strong>",Land Transport Authority,Law/Legal Services
116,"[LTA-TRO] PRINCIPAL / SENIOR / EXECUTIVE, ENFORCEMENT LOGISTICS","</strong></p>PRINCIPAL / SENIOR / EXECUTIVE, ENFORCEMENT LOGISTICS<p></p><p><strong> </strong></p><ul><li><p>Required to possess a Class 3 driving license, and preferably a Class 2 license as well.</p></li><li><p>Preferably with at least 2 years of relevant experience in Logistics and Fleet/Transport Management. No experience may also be considered.</p></li><li><p>Familiar with workplace environmental, health, and safety aspect of operations would be an advantage.</p></li><li><p>Proficient in Microsoft Office applications.</p></li><li><p>Pleasant personality with good command of spoken and written English.</p></li><li><p>Team player with a positive attitude, is self-motivated and able to work independently.</p></li></ul><p></p><p><span>As part of the shortlisting process for the role, you may be required to complete a medical declaration and / or undergo further assessment.</span></p> </strong></p><p>You will be part of the team responsible for fleet management and logistics within the Enforcement Engagement &amp; Training Division. The team provides day-to-day fleet and logistical support for enforcement operations, and your responsibilities will include:</p><ul><li><p>Conducting checks to ensure fleet readiness for deployment to operational teams.</p></li><li><p>Engaging with operational teams and external vendors (e.g., for fleet maintenance such as repairs and servicing), sourcing repair quotes, and assessing and evaluating repair work recommended and completed by vendors.</p></li><li><p>Managing the fleet management system.</p></li><li><p>Tracking fleet-related data such as mileage, repair costs, etc.</p></li><li><p>Managing and facilitating issuance of uniform and enforcement equipment to officers.</p></li><li><p>Assisting in the procurement process by obtaining budgetary quotes.</p></li></ul><p></p><p><strong>",Land Transport Authority,Training and Development
117,"[LTA-TRO] EXECUTIVE/ ENGINEER, 1 TRAFFIC SCHEMES DESIGN & DEVELOPMENT","</strong></p>You will play an active role in the entire lifecycle of traffic schemes in Singapore.<p></p><p><strong> </strong></p><p><span>• Knowledge in Civil / Traffic / Transportation Engineering </span></p><p><span>• At least 2 years of experience in Traffic / Transportation-related or operational fields / familiar with road design preferred </span></p><p><span>• Possess initiative, good communication and leadership skills with lateral thinking ability </span></p><p><span>• Class 3 driving licence is preferred </span></p><p><span>• Knowledge of GIS/Traffic Microsimulation is an advantage </span></p><p></p><p><span>As part of the shortlisting process for the role, you may be required to complete a medical declaration and / or undergo further assessment.</span></p> </strong></p><p><span>Applying strong design and traffic analysis skills as you guide the planning and execution of traffic management strategies. You will be advising developers, consultants, and agencies from the initial planning and design stages to the implementation and ongoing review. This includes collaborating with stakeholders to identify traffic management needs, developing innovative solutions, overseeing the execution of plans, and continually assessing their effectiveness to ensure optimal traffic flow and safety. You will also be spearheading projects to enhance road safety and create an improved living environment for all road users. In this position, you will leverage on data science techniques and advanced geographic information systems (GIS) tools such as QGIS to analyse traffic patterns and make data-driven recommendations that improve the travel experience for commuters, motorists, and cyclists. We offer a dynamic working environment to those with technical and analytical abilities, and who enjoy applying data science and GIS to shape the future of traffic management and urban mobility.</span></p><p></p><p><strong>",Land Transport Authority,Engineering
118,"[LTA-TRO] EXECUTIVE/ ENGINEER, TRAFFIC & STREET LIGHTING","</strong></p>We are seeking a dynamic professional to manage and analyse data from our smart street lighting system which monitors the health of our various street lighting<br>and commuter facilities lighting infrastructure. This role involves developing automated solutions by providing data-driven insights to improve the division’s system performance and service delivery.<p></p><p><strong> </strong></p><ul><li><p>Knowledge in Computer Engineering, Electrical Engineering, or a related discipline</p></li><li><p>Preferably 1 year of engineering experience, ideally with customer service exposure</p></li><li><p>Strong analytical capabilities and proficiency in data visualisation tools (eg: Tableau, Power BI) and data analysis tools such as Excel, SQL, and Python (preferred)</p></li><li><p>Hands-on experience with automation and workflow management systems</p></li><li><p>Organised, detail oriented and strong problem-solving skills</p></li><li><p>Proactive problem solver and team player</p></li><li><p>Excellent verbal and written communication skills</p></li><li><p>Familiarity with public sector operations is a plus</p></li><li><p>Basic understanding of natural language processing (NLP) concepts</p></li><li><p>Ability to work under pressure and deal with sensitive matters</p></li></ul><p></p><p><span>As part of the shortlisting process for the role, you may be required to complete a medical declaration and / or undergo further assessment.</span></p> </strong></p><ul><li><p>Develop and implement automated response systems for data driven analysis to better street and commuter facilities lighting</p></li><li><p>Create and maintain a comprehensive smart street lighting performance classification system</p></li><li><p>Design and manage interactive dashboards to visualise fault trends, response times, and resolution rates</p></li><li><p>Analyse fault patterns to identify recurring issues and areas for service improvement</p></li><li><p>Prepare regular reports with actionable insights for senior management</p></li><li><p>Collaborate with various departments to ensure timely resolution</p></li></ul><p></p><p><strong>",Land Transport Authority,Engineering
119,"[LTA-RCID] SENIOR / EXECUTIVE / ENGINEER, COMMUTER INFRASTRUCTURE DEVELOPMENT","</strong></p>SENIOR / EXECUTIVE / ENGINEER, COMMUTER INFRASTRUCTURE DEVELOPMENT<p></p><p><strong> </strong></p><p>• Knowledge in Civil / Structural Engineering<br />• At least 2 years of relevant experience in project / construction environment, or in civil / structural design<br />• Strong leadership skill with good knowledge in building codes and construction safety regulations<br />• Good knowledge in BIM and relevant software programmes for project planning / management will be an advantage<br />• Experience in Transformation &amp; Productivity for workplace / construction industry will be an advantage<br />• Detail-oriented with strong analytical, written and verbal communication skills<br />• Those without experience are also welcomed to apply<br /><br />As part of the shortlisting process for the role, you may be required to complete a medical declaration and / or undergo further assessment.</p> </strong></p><p><span>You will manage the implementation of commuter infrastructure projects, which includes the design and construction of cycling path network, lifts to pedestrian overhead bridges, sheltered walkways and road repurposing. You will be responsible for the supervision and timely completion of projects, ensuring that works are carried out in accordance with budget, contract specifications, design, safety requirements and quality standards. As part of project coordination on contractual, technical and public relations matters, you will be required to work closely with contractors, design consultants, government agencies and community stakeholders.</span></p><p></p><p><strong>",Land Transport Authority,Engineering
120,"[LTA-IDE] SENIOR/ EXECUTIVE/ ENGINEER, ROAD DESIGN & INFRA ANALYTICS (CIVIL)","</strong></p>EXECUTIVE/ ENGINEER, ROAD DESIGN &amp; INFRASTRUCTURE ANALYTICS (CIVIL)<br><br> <br>• Knowledge in civil &amp; structural engineering or equivalent<br>• At least 5 years of relevant working experience in civil engineering projects<br>• Experience in planning, design, coordination and management of transport infrastructure projects will be preferred<br>• Experience in coordination of utilities laying and diversion will be viewed favourably<br>• Team player with good interpersonal and communication skills <br>• Candidates with strong relevant years of experience in road infrastructure projects will be considered for more senior role<p></p><p><strong>[What you will be working on]</strong></p><p>Many opportunities and challenges await you if you are keen on an exciting career to realise our commitment to envision and implement an integrated transport system.</p><p></p><p>You will be part of a multi-disciplinary team that spearheads the planning and design development of road and commuter infrastructure projects to enhance the travel experience of commuters, motorists, cyclists and active mobility users. To achieve our vision of a car-lite nation and support the national economy, you will have the opportunity to redefine our users’ travel experience through the design development and implementation of road infrastructure projects including transit priority corridors.</p><p></p><p>You will interact with various agencies while conducting feasibility studies and hone your creativity and design thinking skills when conceptualising and designing user-centric road and commuter infrastructure schemes using 3D software and state-of-the-art technology. You will be involved in preparing tender drawings and specifications as well as providing technical design support during the project implementation stage. Opportunities to develop infra data analytics skills and review engineering standards and design guidelines also await you.</p><p></p><p><strong>[What we are looking for]</strong></p><p>• Knowledge in civil &amp; structural engineering or equivalent<br />• At least 5 years of relevant working experience in civil engineering projects<br />• Experience in planning, design, coordination and management of transport infrastructure projects will be preferred<br />• Experience in coordination of utilities laying and diversion will be viewed favourably<br />• Team player with good interpersonal and communication skills <br />• Candidates with strong relevant years of experience in road infrastructure projects will be considered for more senior role</p> <br>Many opportunities and challenges await you if you are keen on an exciting career to realise our commitment to envision and implement an integrated transport system.<br><br>You will be part of a multi-disciplinary team that spearheads the planning and design development of road and commuter infrastructure projects to enhance the travel experience of commuters, motorists, cyclists and active mobility users. To achieve our vision of a car-lite nation and support the national economy, you will have the opportunity to redefine our users’ travel experience through the design development and implementation of road infrastructure projects including transit priority corridors.<br><br>You will interact with various agencies while conducting feasibility studies and hone your creativity and design thinking skills when conceptualising and designing user-centric road and commuter infrastructure schemes using 3D software and state-of-the-art technology. You will be involved in preparing tender drawings and specifications as well as providing technical design support during the project implementation stage. Opportunities to develop infra data analytics skills and review engineering standards and design guidelines also await you.<br><br>",Land Transport Authority,Engineering
121,[LTA/RSE] SENIOR MANAGER (FARE SYSTEM QUALITY ASSURANCE),"</strong></p>SENIOR MANAGER/ MANAGER (FARE SYSTEM QUALITY ASSURANCE)<p></p><p><strong> </strong></p><p><span>• Knowledge in Information Technology or Engineering;</span><br /><span>• At least 5 years of relevant experience in software quality assurance, software development or relevant IT fields (IT infrastructure, cybersecurity, etc);</span></p><p><span>• Savviness with technology and daring to try innovative solutions;</span><br /><span>• An empathetic manager who is a team-player as well as able to work well independently;</span></p><p><span>• Good written and verbal communication skills;</span></p><p><span>• Experience in designing or creating delivery solutions for cloud hosted systems using Gitlab, Jira, Confluence etc will be an advantage;</span></p><p><span>• Relevant certification in software quality assurance (ISO, CMMI) would be an added advantage.</span></p><p></p><p>As part of the shortlisting process for the role, you may be required to complete a medical declaration and / or undergo further assessment.</p> </strong></p><p><span>You will be overseeing and ensuring the quality of products or services within a large-scale integrated e-payment system. You will manage QA teams, develop and implement quality standards to ensure compliance with industry regulations. You will also be integrating security practices into the entire software development lifecycle, from planning to deployment through DevSecOps implementation for the Fare System applications.</span><br /><br /><span>This job would appeal to someone who likes developing and implementing DevSecOps strategy, aligning it with business objectives and regulatory requirements. You could be someone who have built your experience creating quality assurance policies/procedures, ensuring product quality and compliance to standards. If you like identifying areas of improvement in IT or engineering related work such as system design, development, testing or managing IT projects, this job would be ideal for you.</span><br /><br /><span>As part of the job, you will be able to learn about the various ticketing systems deployed at Singapore’s public transport and provide valuable contribution to ensure the smooth rollout of new systems and enhancements.</span></p><p></p><p><strong>",Land Transport Authority,"InfoComm, Technology, New Media Communications"
122,[LTA-TRO] ACTIVE MOBILITY ENFORCEMENT OFFICER,"</strong></p>ACTIVE MOBILITY ENFORCEMENT OFFICER<p></p><p><strong> </strong></p><ul><li><p>Applicant with relevant knowledge and experience in enforcement, operations and public-facing roles could also be considered.</p></li><li><p>Possessing a Class 2A licence and above will be an advantage.</p></li><li><p>Physically fit, possess good eyesight and normal colour vision.</p></li><li><p>Have a positive attitude, good self-discipline and ability to work independently and in a team.</p></li><li><p>Good written, communication, and interpersonal skills are necessary.</p></li><li><p>Able to remain composed and problem solve under challenging circumstances.</p></li><li><p>Able to perform shift and adhoc duties, including supporting major national events on public holidays.</p></li><li><p>Able to assume varied enforcement-related postings within the Authority.</p></li><li><p>Must be able to communicate in English. Ability to communicate in another language such as Malay, Tamil or Mandarin would be an added advantage.</p></li></ul> </strong></p><p>As an Enforcement Officer with the Land Transport Authority (LTA), you will have the opportunity to work independently or in a team to patrol public roads and paths, and take enforcement action against motor vehicle and active mobility device users who violate rules and regulations. As an ambassador of LTA, you will also play a crucial role in engaging and educating users on the various LTA schemes that promote the responsible use of such vehicles and devices. You will positively impact the community in ensuring safer roads and paths for everyone.  </p><p>   </p><p>Selected candidates will undergo a 3-4 week course (including a written competency test) to gain the knowledge and skills needed to carry out their duties.  </p><p></p><p><strong>",Land Transport Authority,Enforcement
123,"[LTA-RI&E] SENIOR / EXECUTIVE / PROJECT ENGINEER, CIVIL","</strong></p>SENIOR / EXECUTIVE / PROJECT ENGINEER, CIVIL<p></p><p><strong> </strong></p><p>• Knowledge in Civil Engineering with familiarity with the relevant local codes and transit construction <br />• At least 4 years of hands-on experience managing large-scale infrastructure projects  <br />• Underground construction experience, particularly in deep excavation and tunnelling works will be an added advantage<br />• A good appreciation of the constraints and interface requirements of civil and trackwork<br />• Strong project management capabilities with demonstrated leadership experience<br />• Excellent communication and presentation skills, both written and verbal<br />• Team player who is analytical, resourceful and results-oriented <br />• Candidates with no experience are welcome to apply<br />• Successful candidates may be required to work from project offices located in Changi or Tuas area</p><p></p><p>As part of the shortlisting process for the role, you may be required to complete a medical declaration and / or undergo further assessment.</p> </strong></p><p>You will play a lead role in managing the Contractors in the construction of new MRT Lines and / or enhancement to Existing Lines. You will be involved in the management of the contractors for Stations and Tunnel constructions in elevated or underground constructions. You will be responsible for the safety, quality, progress and environment impact of the Contractors’ works. You will also assist in planning and managing the risks and cashflows of the various contracts as well as the issuance of instructions and assessment of variations/payments/claims. </p><p></p><p><strong>",Land Transport Authority,Engineering
124,[LTA-VS] PRINCIPAL / SENIOR EXECUTIVE / EXECUTIVE (CUSTOMER SERVICE RELATIONS),"</strong></p>PRINCIPAL / SENIOR EXECUTIVE / EXECUTIVE (CUSTOMER SERVICE RELATIONS)<p></p><p><strong> </strong></p><ul><li><p>Knowledge in any discipline</p></li><li><p>Prior work experience in customer service will be an added advantage</p></li><li><p>Proficient in Microsoft Office applications</p></li><li><p>Excellent organisational, communication, and interpersonal skills</p></li><li><p>Meticulous and attention to detail with strong analytical abilities</p></li><li><p>Ability to work effectively both independently and as part of a team</p></li><li><p>Proven ability to thrive in a fast-paced environment and handle multiple tasks efficiently</p></li></ul><p></p><p>As part of the shortlisting process for the role, you may be required to complete a medical declaration and / or undergo further assessment.</p> </strong></p><p>We are seeking a dedicated individual to join our dynamic Customer Service team at LTA. In this role, you will provide comprehensive operational and frontline service support across various customer touchpoints.</p><p></p><p><strong>Key Responsibilities</strong></p><ul><li><p>Handle customer feedback and enquiries professionally through multiple in-person and digital channels (including, but not limited to, telephone and written correspondence)</p></li><li><p>Manage service requests and online applications efficiently while ensuring high service standards</p></li><li><p>Prepare regular performance reports and conduct audits when required</p></li><li><p>Maintain smooth workflow and service excellence at various service touchpoints</p></li><li><p>Collaborate with different stakeholders to resolve complex customer queries and enhance service delivery</p></li><li><p>Monitor and follow up on customer interactions to ensure timely resolution</p></li><li><p>Perform other duties and responsibilities as assigned based on evolving business needs</p></li></ul><p></p><p><strong>",Land Transport Authority,Customer Service
125,"[LTA-TRO] EXECUTIVE, WARRANT ENFORCEMENT, VIOLATION MGMT","</strong></p>You will be assisting Deputy Manager, Violation Management in the execution of daily operations of the Warrant Enforcement Section.<p></p><p><strong> </strong></p><ul><li><p>Knowledge in any discipline, preferably in enforcement</p></li><li><p>Proficient in MS Office applications</p></li><li><p>Good office operations, coordination skillset and able to work independently and as a team</p></li><li><p>Pleasant personality with good communication and interpersonal skills</p></li><li><p>Able to engage and handle members of public face to face and via phone calls</p></li><li><p>On-the-job training will be given on usage of internal systems</p></li></ul> </strong></p><p><span>You will be part of the warrant enforcement team within the Violation Management Division handling warrant of arrest (WA) matters. You will be required to assist the team in areas such as, but not limited to, administrative duties, counter operations and preparations of ops. You will also be required to handle phone/email enquiries with members of public, related to the WA issued. You may be required to liaise with internal and external stakeholders on WA-related matters.</span></p><p></p><p><strong>",Land Transport Authority,Enforcement
126,"[LTA-RSE] EXECUTIVE ENGINEER/ ENGINEER, PROJECTS SYSTEM SUPPORT","</strong></p>EXECUTIVE ENGINEER/ ENGINEER, PROJECTS SYSTEM SUPPORT<p></p><p><strong> </strong></p><p>• Knowledge in Mechanical / Electrical / Electronics Engineering</p><p>• Team player with strong analytical mind and ability to work independently</p><p>• Good communication and interpersonal skills</p><p>• Self-motivated, resourceful and possess a positive attitude</p><p>• Those with relevant work experience or specialist knowledge of transit systems and/or Electrical and Mechanical services will be considered for senior positions</p><p></p><p><span>As part of the shortlisting process for the role, you may be required to complete a medical declaration and / or undergo further assessment.</span></p> </strong></p><p>You will develop and design the various transport infrastructure projects in Singapore. With inputs from specialist divisions, you will lead in engineering studies and carry out detailed design coordination and review of the projects under your care. You are also expected to prepare tender documents and participate in tender evaluations of consultancy / construction contracts.</p><p></p><p><strong>",Land Transport Authority,Engineering
127,"[LTA-CRL] SENIOR / EXECUTIVE / PROJECT ENGINEER, CIVIL","</strong></p>SENIOR / EXECUTIVE / PROJECT ENGINEER, CIVIL<p></p><p><strong> </strong></p><p>• Knowledge in Civil Engineering with familiarity with the relevant local codes and transit construction</p><p>• At least 4 years of hands-on experience managing large-scale infrastructure projects </p><p>• Underground construction experience, particularly in deep excavation and tunnelling works will be an added advantage</p><p>• A good appreciation of the constraints and interface requirements of civil and trackwork</p><p>• Strong project management capabilities with demonstrated leadership experience</p><p>• Excellent communication and presentation skills, both written and verbal</p><p>• Team player who is analytical, resourceful and results-oriented</p><p>• Candidates with no experience are welcome to apply</p><p>• Successful candidates may be required to work from project offices located in Changi or Tuas area</p><p></p><p><span>As part of the shortlisting process for the role, you may be required to complete a medical declaration and /or undergo further assessment.</span></p> </strong></p><p><span>You will play a lead role in managing the Contractors in the construction of new MRT Lines and / or enhancement to Existing Lines. You will be involved in the management of the contractors for Stations and Tunnel constructions in elevated or underground constructions. You will be responsible for the safety, quality, progress and environment impact of the Contractors’ works. You will also assist in planning and managing the risks and cashflows of the various contracts as well as the issuance of instructions and assessment of variations/payments/claims. </span></p><p></p><p><strong>",Land Transport Authority,Engineering
128,"[LTA-TRO] ASSISTANT MANAGER, ENFORCEMENT ENGAGEMENT","</strong></p>ASSISTANT MANAGER (ENFORCEMENT ENGAGEMENT), ENFORCEMENT ENGAGEMENT &amp; TRAINING<p></p><p><strong> </strong></p><p><strong>What we are looking for</strong></p><ul><li>Excellent written and verbal communication skills</li><li>Knowledge of and familiarity with social and digital media platforms and trends</li><li>Savvy with online audiences and trends with strong interest/experience in content creation</li><li>Ability to use Canvas / design skills for collaterals e.g. infographics, brochures is advantageous.</li><li>Self-motivated and meticulous, with ability to work independently in a dynamic fast paced environment and with tight deadlines.</li></ul> </strong></p><p>We are seeking a dynamic and motivated individual with strong and communication skills to join the Engagement team under the Enforcement Engagement &amp; Training Division (EFET). EFET’s Engagement team plays a key role in supporting the divisions within the Enforcement Subgroup to promote compliance with LTA Enforcement. The role’s responsibilities include:</p><p></p><ul><li>Implement engagement initiatives and campaigns for LTA to promote regulatory awareness and compliance for path and road safety.</li><li>Collaborate with internal divisions to identify gaps and opportunities for enhancing outreach efforts.</li><li>Procure design services and coordinate with vendors to develop marketing communication content.</li><li>Study offence trends and behavioural insights to produce messages and initiatives that promotes compliance with LTA’s regulations.</li><li>Develop fresh and engaging content tailored for various communication channels such as social media and outdoor publicity based on the target audiences’ demographics.</li></ul><p></p><p><span>As part of the shortlisting process for the role, you may be required to complete a medical declaration and / or undergo further assessment.</span></p><p></p><p><strong>",Land Transport Authority,Training and Development
129,[LTA-PSGO] DEPUTY / ASSISTANT SAFETY & HEALTH MANAGER,"</strong></p>DEPUTY / ASSISTANT SAFETY &amp; HEALTH MANAGER<p></p><p><strong> </strong></p><p><span>• Knowledge preferably in Science or Engineering</span></p><p><span>• At least 2 years of validated experience in construction safety, preferably in mega or large scale construction projects as a registered Workplace Safety and Health Officer </span></p><p><span>• Excellent presentation skills </span></p><p><span>• Good communication and interpersonal skills </span><span> </span></p><p><span>•</span> <span>Successful candidate who is not a registered Workplace Safety and Health Officer will be required to attend the WSQ Specialist Diploma Workplace Safety &amp; Health (Level C) </span></p><p><span>•</span> Knowledge in data analytics and programming language preferred</p><p><span>• Those without working experience are welcome to apply</span></p><p></p><p><span>As part of the shortlisting process for the role, you may be required to complete a medical declaration and / or undergo further assessment.</span></p> </strong></p><p><span>At LTA, safety is our top priority. We value the safety and health of our staff and the people who work alongside us. You will provide specialist advice on workplace safety and health issues relating to LTA Construction Projects and play a key role in our drive for a Zero Accident target. To improve site safety performance, you will undertake to conduct site safety audits/inspections/enforcements, corporate safety training sessions and organise corporate safety health promotional events (e.g. Safety forums, Corporate safety retreats). You&#39;ll also participate in the Project Safety Review (similar to the Design for Safety requirements) and contribute articles on workplace safety and health for our in-house publications. To achieve the Zero Accident target, you will come up with new corporate safety initiatives based on data analytics of past near miss/incident/accidents records. You&#39;ll also conduct research to gather insights on the latest developments in the area of Safety and Health and new construction technologies.</span></p><p></p><p><strong>",Land Transport Authority,Occupational Safety and Health
130,"[LTA-RLE&M] EXECUTIVE / PROJECT ENGINEER, CONTROL","</strong></p>EXECUTIVE / PROJECT ENGINEER, RAIL CONTROL<p></p><p><strong> </strong></p><p><span>• Knowledge in Electrical and Electronics Engineering / Computer Engineering</span><br /><span>• Strong project management, decision making and leadership skills</span><br /><span>• Team player who is analytical, resourceful, result-oriented and able to work independently</span><br /><span>• Good written and verbal communication skills</span><br /><span>• Good appreciation of the constraints and interface requirements of civil, electrical and mechanical works</span><br /><span>• Able to perform occasional night works including weekends and public holidays</span><br /><span>• Those without working experience are welcome to apply, candidates with more years of relevant experience will be considered for senior positions</span></p><p></p><p><span>As part of the shortlisting process for the role, you may be required to complete a medical declaration and / or undergo further assessment</span></p> </strong></p><p><span>You will have the opportunity to work on Supervisory Control System (SCS), Integrated Supervisory Control System (ISCS), Maintenance Management System (MMS) and Access Management System (AMS) for new MRT Lines and extension / enhancement to existing MRT Lines. You will play a lead role in managing contractors to supply, design, manufacture, install, test and commission the Control Systems for Singapore MRT projects.</span><br /><br /><span>You will be involved in design review, overseas and on-site testing and commissioning and is expected to develop a good understanding of the system design. You are required to work closely with contractors to manage and monitor the project deliverables as well as in ensuring the safety, quality, and progress of the project works. You will assist the Project Manager in reviewing and managing project risks and cashflows as well as issuance of instructions and assessment of variations / payments / claims. You will collaborate with various parties, i.e. contractors, designers, architects, stakeholders and appointed Railway Operators to ensure that the projects are well coordinated.</span></p><p></p><p><strong>",Land Transport Authority,Engineering
131,"[LTA-RLE&M] ASSISTANT PROJECT ENGINEER,SIGNALLING & PLATFORM SCREENDOOR","</strong></p>ASSISTANT PROJECT ENGINEER,SIGNALLING &amp; PLATFORM SCREEN DOOR<p></p><p><strong> </strong></p><p>• Diploma in  Electrical / Electronics / Communications Engineering / Mechanical / Computer Engineering<br />• Good communication skills with some knowledge of slides presentation and report writing<br />• Good inter-personal skills<br />• Team player with initiatives and who is analytical, resourceful and result-oriented<br />• Good appreciation of the constraints and interface requirements of civil, trackwork, electrical and mechanical works will be an advantage<br />• Experience in the construction of underground MRT stations will be an advantage<br />• Able to perform shift work including weekends and public holidays<br />• Those with strong relevant years of experience in railway system will be considered for senior positions<br />• Those without working experience are welcome to apply</p><p></p><p>As part of the shortlisting process for the role, you may be required to complete a medical declaration and / or undergo further assessment</p> </strong></p><p>You are required to work closely as a team to assist the engineers/managers in managing documentation submission, reviewing system design, supervising installation, witnessing testing and commissioning of the railway Signalling and Platform Screen Doors systems on new MRT lines as well as enhancement and upgrading works of existing MRT lines in accordance with the specified requirements.  </p><p></p><p>You will assist to manage the safety, quality, progress and environmental impact of the Contractors&#39; works. You will liaise with various parties, such as other project teams, system wide and civil contractors, designers, architects, stakeholders and appointed Railway Operator to ensure that the projects are well coordinated and that  various new core systems are implemented to the existing systems without compromising Safety and performance of the systems and without affecting railway operations. </p><p></p><p>You will have an opportunity to work on Un-manned Communication Based Train Control (CBTC) signalling system which includes : Automatic Train Control (ATC), Automatic Train Protection (ATP), Automatic Train Operation (ATO), Data &amp; Network Communication (DCS) and Computer-based Interlocking (CBI) Systems.</p><p></p><p><strong>",Land Transport Authority,Engineering
132,"[LTA-PT] DEPUTY / ASSISTANT MANAGER, DRIVER DEVELOPMENT","</strong></p>DEPUTY / ASSISTANT MANAGER, DRIVER DEVELOPMENT<p></p><p><strong> </strong></p><p>• At least 4 years of working experience<br />• Knowledge or experience in strategic thinking will be an advantage<br />• Highly adaptable team player who is able to work independently and multi-task in a dynamic and fast environment<br />• Self-motivated, astute, meticulous and resourceful to produce innovative solutions to address a  range of system and operations matters<br />• Excellent written, communication and interpersonal skill</p> </strong></p><p>You will be in the team that oversees the development of taxi, private hire cars, public and private hire bus drivers. </p><p><br />You will play a vital role in developing new Vocational Licence (VL) policy measures and, managing VL training and testing operations. You will also oversee the routine audits on the appointed providers. Working in a dynamic environment, you will collaborate with training and testing providers, Government agencies, associations, and Street-Hail and Ride-Hail operators to routinely review and update LTA’s VL training curriculum and test bank. You will be required to develop competency of your officers as well as to plan and execute contingency plans to ensure operational continuity.  </p><p><br />Working in a robust environment, you will review and develop VL-related legislation and policies to ensure the licensing regime is able to support the manpower needs and changing industry dynamics of bus and point-to-point transport sectors.</p><p></p><p><strong>",Land Transport Authority,Training and Development
133,"[LTA-LO] DEPUTY MANAGER, LTA PROGRAMME","</strong></p>The LTAA is a division within the Learning Office, under the Land Transport Authority. The Academy’s vision is to be a leading global institution on land transport, with a mission to share Singapore's experience and expertise and deliver competency-based training to uplift the competency of LTA officers and the relevant industries. <br><br>The Manager/ Deputy Manager, LTA Programme position resides within the Academy’s Programme’s team, established to lead the development of training interventions for LTA’s competency frameworks, with strong oversight and management of programmes.<br><br>You will also play a key role in adopting learner-centric models of teaching/learning using pedagogy and andragogy learning design techniques.<p></p><p><strong> </strong></p><p><span>Requirements </span></p><p><span>• Knowledge in adult education with a minimum of 5 years’ experience in instructional design. Those who have experience working in a training environment such as a training academy will be preferred. </span></p><p><span>• Well-grounded in the theory and practice of training and development, such as implementing technical competency frameworks - experience in managing the whole training spectrum from programme development to programme delivery and evaluation. Candidate should also have some basic case-writing skills. </span></p><p><span>• ACTA certification or equivalent professional qualifications will be advantageous. </span></p><p><span>• Some prior knowledge of Singapore&#39;s transport policies, regulation and LTA&#39;s functions will be preferred. </span></p><p><span>• Able to customize and deliver training to various levels of participants. </span></p><p><span>• Ability to work independently and as a team with internal and external stakeholders at all levels. </span></p><p><span>• Strong networking, analytical and communication skills. </span></p><p><span>• </span> <span>Ability to develop new plans and initiatives, including the use of technology in learning. </span></p><p><span>• </span> <span>As part of the shortlisting process for the role, you may be required to complete a medical declaration and / or undergo further assessment</span></p> </strong></p><p></p><p><span>Key responsibilities </span></p><p><span>• You will be involved in the design of curriculum, development and curation of instructional content and delivery of learning programmes, to uplift the capabilities of LTA staff. This includes performing Training Needs Analysis to identify competency gaps. In addition you may also be required to develop Blended learning programmes. </span></p><p><span>• You will collaborate with key stakeholders such as in-house specialists within LTA, other Public Sector agencies, local and foreign Institutes of Higher Learning (IHLs), professional associations and training providers in the course of your work. </span></p><p><span>• You will review and enhance existing training programmes (including sourcing of suitable content that is already available) and oversee the administration and management of training programmes, including management reporting for training effectiveness of programmes, return of investment on training, trainer and resource management, financial reporting etc. You will also be expected to perform some facilitation work in class, and codify/document knowledge for use in LTAA’s programmes </span></p><p></p><p><strong>",Land Transport Authority,Training and Development
134,"[LTA-IDE] EXECUTIVE ENGINEER, BRIDGE ENGG & STRUCTURES","</strong></p>EXECUTIVE ENGINEER, BRIDGE ENGG &amp; STRUCTURES<p></p><p><strong> </strong></p><p><span>• Tertiary qualification in Civil / Structural Engineering or equivalent </span></p><p><span>• At least 3 years of relevant experience in Civil / Structural Engineering design with knowledge in structural design and construction of underground engineering works / bridges /rail </span></p><p><span>• Keen interest in land transport infrastructure projects </span></p><p><span>• Good analytical, communication and interpersonal skills </span></p><p><span>• Candidates with strong relevant years of experience will be considered for senior roles</span></p><p></p><p>As part of the shortlisting process for the role, you may be required to complete a medical declaration and / or undergo further assessment.</p> </strong></p><p><span>You will be involved in the planning and design development of bridge engineering and structures projects. You will conduct feasibility and engineering studies, review design submissions or carry out detailed civil and structural design for road / rail projects. You will also be involved in management of design consultants, conducting project safety reviews and construction audits for major infrastructure projects, reviewing engineering standards as well as providing technical support to construction teams and other LTA technical divisions for project implementation. </span></p><p></p><p><strong>",Land Transport Authority,Engineering
135,"[LTA-TRO] ASSISTANT MANAGER, ACTIVE MOBILITY ENFORCEMENT","</strong></p>[LTA-TRO] ASSISTANT MANAGER, ACTIVE MOBILITY ENFORCEMENT <p></p><p><strong> </strong></p><p>• Knowledge in any discipline  </p><p>• At least 3 years’ working experience, preferably in enforcement, policy formulation and/or service industry  </p><p>• Possess the ability to think strategically with strong analytical skills, and an acumen for ground operations. Provide suggestions to improve daily work processes through SOPs and ROEs. Possess a firm grasp on ground terrain, and a keen sense on the latest developments on the ground. Example: demographics, time of high activity, hotspots, new device types, etc.  </p><p>•  Ability to manage external Service Provider via a Contract. Example: budget, calling, awarding, invoicing, etc.  </p><p>• Inclination towards problem solving through data sense-making, and ability to translate the insights into ground Concept of Operations and deployment strategies.    </p><p>• Bilingual (with one dialect) with good spoken/written skills. Ability to manage publics&#39; expectations through replying to feedback, and act as a conduit between Enforcement Officers and management.   </p><p>• Self-motivated and able to work independently as well as in a team. Positive attitude and able to thrive in a fast-paced working environment.  </p><p>• Having Class 3 and/or Class 2B driving licence will be an advantage  </p><p></p><p>As part of the shortlisting process for the role, you may be required to complete a medical declaration and/ or undergo further assessment.</p> </strong></p><p><span>You will be performing statistics collation, sense-making, and presentation to Management on data insights, and proposals for improvements of ground operations.</span></p><p></p><p>You will manage feedback, and is thus expected to possess the ability to grasp feedback providers&#39; pain points, and possess the ability to provide satisfactory replies and follow up with alleviating their pain points through deployments. You will be responsible for the daily deployment operations of the Section. In addition, you are required to work closely with other Divisions and external agencies on operations, community engagement, and any other related matters pertaining to active mobility enforcement.  </p><p>  </p><p>Other duties will include providing inputs to training materials for Enforcement Officers.  </p><p></p><p><strong>",Land Transport Authority,Enforcement
136,"Assistant Manager/Manager (Protection Officer), RPG/Ops","Description of Group: 
Looking for a workplace with passion and commitment to empower and restore lives of the vulnerable population in Singapore? Join the Rehabilitation and Protection Group (RPG)! RPG undertakes the statutory functions in the rehabilitation of adult and youth offenders, and the protection of children and families. Our mission is to empower individuals and families to break cycles of abuse, neglect and offending. You influence and shape lives, and in the process, the future of the rehabilitation and protection landscape in Singapore. To support your professional development, you will receive comprehensive training and develop foundational capabilities and knowledge on rehabilitation and protection work. You will also be given the opportunities to rotate to different exciting roles within RPG and broaden your perspectives, skills and experiences.

Description of Division: 
As part of the RPG family, the Protective Service (PSV)/Operations (OPS) Division is dedicated to safeguarding the safety and well-being of individuals vulnerable to abuse, neglect, or exploitation—including children, vulnerable adults, and families affected by domestic violence. We provide statutory interventions and supportive services for those who have been seriously harmed or are at high risk of serious harm, ensuring timely, coordinated responses to meet their needs and uphold their protection.

Additionally, PSV/OPS plays a key role in facilitating the child adoption process, ensuring the welfare of both the child and adoptive family. PSV/OPS adopts a holistic approach through early intervention, comprehensive assessments, case management, and crisis response. Our team works in close collaboration with social service agencies, healthcare professionals, law enforcement, and community partners to identify risks, develop safety plans and provide ongoing support. Requirements:
•	Background in Social Work, Psychology or related discipline
•	Experience in working with vulnerable groups or with investigative experience in social service settings is an added advantage
•	Able to work calmly in highly stressful situations and environment
•	Be tenacious and resilient in handling difficult situations/clients • High level of emotional resilience
•	Good engagement, assessment, problem solving and multi-tasking skills
•	Good analytical and critical thinking abilities
•	Enjoy teamwork

Career Development:
•	We provide an individual career development plan for each staff.
•	We provide opportunities for staff rotation to different work areas in RPG/MSF to broaden perspectives, skills and experiences.
•	We believe and invest in staff training and development. You will receive comprehensive training and develop foundational capabilities and knowledge on rehabilitation and protection work. We also provide sponsorships/scholarships for staff training and studies to support professional development.

Functional Competencies:
•	Professional Practice
•	Case Management-Engagement, Assessment, and Planning
•	Case Management- Intervention, Review and Documentation Responsibilities:
As an Assistant Manager/Manager, you will:
• Provide statutory intervention and support to children, Vulnerable Adults (VAs) experiencing abuse, neglect or self-neglect, and egregious cases of Family Violence with imminent danger.
• Conduct comprehensive social investigations and provide case management for children who have been abused and neglected, and Vas experiencing abuse, neglect or self-neglect.
• Work closely with the public and people sectors to offer statutory guidance, care, and protection for children who have been abused or neglected, and VAs experiencing abuse, neglect or self-neglect.",Ministry Of Social And Family Development,Social and Community Development
137,"Lead Engineering Manager (Salesforce), SIR/CCPO","We are now looking for a talented and experienced Lead Engineering Manager to join us in this mission to lead and manage technical teams of software engineers, DevOps engineers, infra/integration engineers and UX designers to design world class Salesforce applications for Service Cloud and/or Public Sector Solutions.

As a Lead Engineering Manager, you will oversee the development of innovative Salesforce solutions aligned with the product vision of CaseCentral, a case management platform at the Ministry of Social and Family Development (MSF). •	Relevant qualifications in any of the following: Computer Science, Computer or Electronics Engineering, Information Technology or related technical discipline
•	Minimum 10 years of relevant professional work experience relating to software engineering, solution engineering or system engineering with at least 6 years of hands-on experience
•	Minimal 3 years business analyst experience in software development projects and Agile methodologies e.g. SCRUM
•	Minimal 3 years’ experience working in an Agile environment and Cloud platform.
•	Experience with Government Commercial Cloud (GCC) environment
•	8+ years of experience working with Salesforce, including at least 2 years in a leadership role
•	Proven track record of implementing large-scale, high-availability Salesforce solutions, preferably in the public sector or social services
•	Proven track record of people management (working with software engineers, DevOps engineers or infra/integration engineers) and being able to develop individuals’ careers and motivation to achieve team’s outcomes

•	Certifications:
Required
- Salesforce Advanced Administrator
- Salesforce Platform App Builder
- Salesforce Platform Developer I
- Salesforce Platform Developer II

Preferred:
- Salesforce Service Cloud Consultant
- Salesforce Experience Cloud Consultant
- Salesforce Omnistudio Consultant

•	Advanced knowledge of Salesforce development and customisation, including:
- Apex development
- Visualforce page development
- Lightning component development
- Experience with 3rd party API integrations
- Experience with data migration through other CRM tools, e.g., data loader

•	Extensive configuration experience, including:
- Administration setup (managing org, users, profiles, roles, security controls)
- Custom object and field design
- Workflow, approval processes, and validation rules
- Report and dashboard configuration
- Experience with OmniStudio and OmniScript

•	Strong understanding of Salesforce public sector solutions and their application in case management systems
•	Competent in Python and Java programming language
•	Possess business case and user-stories development skills
•	Process good communication skills, ability to articulate technology concepts, participate in discussions on requirements with stakeholders
•	Process strong collaboration skills, ability to partner and work effectively across teams and with business stakeholders in development as well as problem solving
•	Process good knowledge of web, mobile and Cloud technologies, and their impact and feasibility on design solutions
•	Experience with Confluence and JIRA
•	Experience implementing Salesforce solutions in government or social services organisations
•	Knowledge of data protection regulations and privacy considerations in the social services sector
•	Excellent leadership and mentoring skills, with 2 years of experience coaching Salesforce developers
•	Passion for engineering excellence and working for the public good
•	Strong communication skills and ability to collaborate with diverse stakeholders 
•	Ability to deal with uncertainty and adapt to changes
•	Ability to work effectively and independently under pressure, meet deadlines, multitask and to prioritize tasks effectively

Only shortlisted candidates will be notified within 4 weeks from the closing date of this position. •	Form part of the CaseCentral Product Office with the Product Director and Product Strategy Lead to manage the entire product development cycle, from conceptualisation, to getting buy-in with internal and external stakeholders, till delivering the product to end users.
•	Lead the software engineering, DevOps, infra/integration technical functions in the product team and make technical decisions as well as advise the team on the software development approach to take, considering the trade-offs between the approaches and mitigating known drawbacks.
•	Define engineering scope of work based on defined features and requirements and oversee the day-to-day development, working closely with Product Director, Product Strategy Team and agile development team on project schedule, issues and escalation
•	Work with Product Director and Product Strategy Lead to craft and refine user stories by providing technical analysis; and building the Product Backlog with prioritization to define software features and implement software releases that meet their business needs
•	Review and participate in technical proposal or solution, system design and architecture to ensure they are of quality, while adhering to all standards, governance, and policies
•	Manage IT team’s resources and resource allocation, including securing approval; monitor and track project resource usage
•	Integrate software engineering, DevOps, infra/integration guidelines and processes, considering industry best practices and tools, into software development activities
•	Propose feasible ideas and solutions, or engage subject matter expert to provide aid and improve the quality of the product
•	Coordinate with relevant teams of interfacing systems to ensure smooth end-to end workflows can be achieved reliably, and efficiently
•	Work with Product Owner, Product Manager and Development Team to plan and design UAT, coordinate and monitor progress and ensure acceptance of UAT
•	Review and ensure that all documentations are complete and of quality
•	Maintain and continuously refine Product Backlog
•	Guide the engineering team to configure and customise production quality code and to deliver solutions to the end users
•	Partner with cross-functional teams such as product strategy, ops, policy etc. to develop, implement and continuously improve quality, reliability, security and maintainability of software releases within the Salesforce implementation
•	Foster a culture of learning, experimentation and continuous improvement in the software engineering team
•	Contribute to recruitment efforts as part of recruitment panel, particularly for Salesforce roles.
•	Keep abreast of new AI and software engineering practices and technologies as well as proactively identify and initiate software engineering initiatives that leverage Salesforce capabilities to maximise impact on public good in the social services sector and continuously improve the software engineering’s team internal workflow and practices",Ministry Of Social And Family Development,"InfoComm, Technology, New Media Communications"
138,[SSP/OSD] Senior Manager (Engagement and Organisational Development),"The Organisational and Systems Development Division under the Social Support Group (SSP) oversees people and organisational development, corporate planning as well as ops tech and systems integration to better deliver value to clients, staff and stakeholders.
 Competencies Required: 

-	Degree in any discipline
-	Strong analytical skills and creativity, including ability to identify gaps, propose relevant and creative solutions and implement them
-	Strong interpersonal and communication/engagement skills, including ability to engage different stakeholders to deepen understanding of issues and co-create solutions
-	Empathetic and people-oriented; displays genuine interest in the well-being of fellow colleagues 
-	Team player who is independent, motivated and resourceful
-	Relevant training in Organisational Development, Human Resource and/or experience with the social service sector will be advantageous  


 You will be part of the team that oversees strategic manpower planning and organisational development strategies in SSP. The team is responsible for planning, management and deployment of manpower to ensure that SSP Divisions are adequately resourced. The team also drives the development of strong organisational culture, job satisfaction and staff well-being within SSP through the implementation of various organisational development and employee engagement strategies. 

You will be part of a team responsible for fulfilling the following responsibilities and functions – 

-	Design and implement organisational development (OD) strategies and engagement to facilitate organisational effectiveness, foster job satisfaction and nurture a sense of belonging to MSF. 
-	Design and implement culture assessment and transformation initiatives, and partner SSP’s leadership to embed cultural values into daily operations and decision-making processes.
-	Design and implement employee engagement and development initiatives based on an employee life cycle’s perspective from onboarding, career and professional development, progression to exit. 
-	Plan, curate and organise staff engagement initiatives, including townhalls and employee engagement sessions, staff development and bonding activities. 
-	Analyse findings from employee engagement surveys for SSP, identify potential gaps and focus areas and come up with recommendations on follow-up actions or initiatives. 
-	Support change management efforts in SSP, including organising internal communications platforms, crafting communication messages and working with Divisions and management on the pacing of messages and announcements.",Ministry Of Social And Family Development,Others
139,"Assistant Director (Service Management), ECDA/CD","The Child Development Department in ECDA spearheads a wide range of initiatives to support the development of young children with developmental needs and young children from low-income families, to ensure that they have a good start.
The Early Intervention (EI) branch in the department oversees a continuum of services for young children (aged 6 years and below) with developmental needs. The team oversees the planning and development of EI programmes in preschools and the community, drives capability development initiatives for early intervention and inclusive practices, conducts research and evaluation • Strong communication (written and oral) and stakeholder engagement skills with the ability to articulate complex ideas clearly
• Analytical and problem-solving abilities, with the ability to synthesise complex data and information
• Leadership and team-management
• Strategic thinking and planning
• Ability to navigate and influence in a complex, multi-stakeholder environment
• Proven ability to lead and deliver in a fast-paced, dynamic setting
• Resilience and adaptability
• Project-management skills
• Data-driven decision making
• Innovation and change management As the Assistant Director of Early Intervention Programmes, you will play a crucial role in leading and overseeing the implementation, review, and enhancement of Early Intervention (EI) programmes. These programmes are vital in ensuring children with developmental needs can access timely, effective, and appropriate services. You will be responsible for strategic planning, team leadership, and driving innovation in programme delivery.
1. Strategic Programme Management:
- Lead the review, development, and implementation of operational policies and data-driven strategies for EI programmes.

2. Team Leadership and Guidance:
- Guide and mentor a team of officers, fostering a culture of excellence and innovation.

3. Capability Building and Knowledge Management
- Develop and roll-out cross-cutting SOPs and sector standards
- Build stakeholder capabilities through tools, frameworks and knowledge sharing initiatives

4. Stakeholder Management and Collaboration:
- Lead collaborations with internal divisions and external partners, representing the department in key meetings.

5. Data Analysis and Programme Evaluation:
- Oversee analysis of Key Performance Indicators and Monitoring Indicators, develop evaluation frameworks, and utilise insights to inform policy recommendations.

6. System and Workflow Optimisation:
- Work with the system team to articulate future state requirements for new system development and optimise workflows across EI services.

7. Ops-Policy Development and Submissions:
- Draft and review ops-policy documents, submissions and reports, ensuring alignment between operational realities and policy objectives.

8. Other strategic work as required",Ministry Of Social And Family Development,Social and Community Development
140,"Manager/Senior Manager (Planning & Organisation Development), ECDA/CDS","The Planning & Organisation Development (POD) team in the Corporate Development and Services (CDS) Division plays a vital role in shaping ECDA's strategic direction and developing our people. This role presents an opportunity to drive transformative change and build a high-performing culture through strategic planning and capability development initiatives. - Candidates with experience at Manager (3+ years) or Senior Manager (5+ years) level, with proven track record in strategic planning, corporate planning, or organisational transformation.
- Strong candidates with equivalent experience in driving complex initiatives in other areas will be considered.
- Analytical individual who thrives in ambiguous environments and drives results through change
- Demonstrated ability to influence and collaborate effectively across all levels of the organisation
- Strategic thinker who thrives in ambiguous environments and drives results through change
- Strong communicator who brings diverse perspectives together for effective solutions
- Proven problem-solving skills with the ability to lead and deliver initiatives We are looking for a dynamic, resourceful and highly-driven individual to join our team. In partnership with the team, you will play a crucial role in delivering the following areas:

1. Strategic/Corporate Planning
a. Develop and execute overall strategic roadmap, from shorter-term workplans to mid- and long-term directions and goals.
b. Support organization-wide transformation initiatives including developing and implementing change management strategies to enhance operational effectiveness.
c. Lead as secretariat for strategic planning meetings and ensure follow through of key decisions.
d. Lead in the coordination of Business Continuity Plan (BCP) as part of Enterprise Risk Management

2. Staff Development and Capability building
a. Drive ECDA’s strategic capability development to build a future ready workforce.

The role also includes supporting team initiatives and cross-functional projects as needed, and there will be opportunities to take on additional projects based on your interests and capabilities.",Ministry Of Social And Family Development,Social and Community Development
141,Assistant Manager/Manager/Senior Manager (Manpower Policy),"Sector Strategy and Development (SSD) develops policies and programmes which deliver: 

a)	Sustainable and well-planned services 
b)	A competent and future-ready workforce
c)	Future-ready social service agencies that deliver quality services, and
d)	A well-resourced sector with active contributions from the community. 

Manpower Policy and Planning (MPP) Division develops and reviews sector-level policies and drives manpower planning for the social and early childhood (EC) sectors.

You will drive sector manpower attraction, retention and development strategies to ensure an adequate supply of manpower for our sector, especially for key professions.   • Academic background in a related discipline, with interest in the social sector
• Good understanding of Singapore’s social service sector/ landscape would be an advantage
• Creative, analytical, resourceful and highly motivated. 
• Strong data analysis, systems-thinking, and policy development skills. 
• Strong written and verbal communication skills. 
• Strong interpersonal skills; comfortable working with people of all levels and able to build good collaborative relationships with internal and external stakeholders. 
• Effective team player with good team and project management skills 
• Ability to translate policy considerations into implementation, balancing strategic policy objectives with practical ground realities. 

The office location is at Westgate (Jurong East). 

You will be notified whether you have been shortlisted within 4 weeks from the closing date of this job posting. • Develop strategies to attract, retain and develop key professionals for the sector, to improve the value proposition of the sector as a career of choice
• Develop/ review policies on progressive Human Resource practices in the sector which support organisational capacity building, in areas such as salaries and working conditions
• Develop/ review policies for professional development and career progression",Ministry Of Social And Family Development,Policy Formulation
142,"Manager/Senior Manager (Ops Tech), RPG/POP","Looking for a workplace with passion and commitment to empower and restore lives of the vulnerable population in Singapore? Join the Rehabilitation and Protection Group (RPG)! RPG undertakes the statutory functions in the rehabilitation of adult and youth offenders, and the protection of children and families. Our mission is to empower individuals and families to break cycles of abuse, neglect and offending. 

As part of the RPG family, Prevention and Operations Policy (POP) division complements RPG’s remedial work, in coordinating whole-of-government efforts to prevent domestic violence and youth offending. POP also oversees the RPG centralised Data Management and Operational technology functions.
 •	Good communication and presentation skills, with the ability to explain technical concepts to non-technical audiences.
•	Strong analytical skills to problem-solve, ideate, design, prototype and implement ops tech solutions to improve business processes
•	Team player experienced in collaborating with internal and external stakeholders.
•	Experience with project management methodologies and process mapping
•	Resilience and adaptability in a dynamic environment
•	Keen interest in blending technological innovation with social impact to make a difference in the lives of vulnerable individuals and communities.
 Reporting to the Assistant Director, you will contribute to the following: 
1.	Oversee end to end of system projects/enhancements, which includes timelines, budget and other requirements.
2.	Coordinate and Collaborate with stakeholders to ensure efficient utilisation of resources, support system administration and manage queries, issues and feedback.
3.	Oversee and guide staff in administrative support for RPG Systems, which includes requirements gathering, user acceptance testing, verification, migration and related.
4.	Analyse operations and processes to identify improvement opportunities
5.	Design, prototype and implement new ops tech solutions to optimise protection processes and operations. 
6.	Lead end-to-end implementation of ops tech initiatives from conceptualisation to deployment
7.	Develop and maintain documentation for processes and systems
8.	Monitor and maintain systems and implement improvements Provide administrative support for data governance and management
",Ministry Of Social And Family Development,Social and Community Development
143,"Assistant Director, Product Strategist, SIR/CCPO","As a CaseCentral Product Strategist, you will be part of a team to drive product vision and strategy, ensuring our solutions meet user needs whilst delivering business value and outcomes. This role requires the candidate to bridge business objectives, user needs, and technological capabilities to shape the product’s direction and growth.

Users of the product come from different domains within the social service sector across MSF and our service partners (SSAs - social service agencies), in delivering services to clients and their families.
 Requirements: 

1. Experience: 
o	Minimum of 5 years of experience in product management, product strategy, digital transformation, or a related field, with a proven track record of driving strategic initiatives, particularly in the context of large-scale products with diverse user groups.
o	Experience defining and tracking metrics that measure the success of products

2. Professional Certification: Certifications in product management would be advantageous 

3. Skills:
o	Proven experience in product management or strategy preferably within the social service sector or similar domains.
o	Good understanding of product management concepts and best practices.
o	Excellent communication and interpersonal skills, with the ability to influence and engage stakeholders at all levels.
o	Proficient in developing and implementing strategies around resource prioritization, aligning implementation and change management plans.
o	Strong problem-solving skills, comfortable with system-thinking and the ability to address complex challenges.
o	Ability to work independently and able to manage a rapidly changing policy and operating context.
o	Experience with Salesforce solutions and familiarity with the specific challenges associated with their adoption would be advantageous.

Only shortlisted candidates will be notified within 4 weeks from the closing date of this position. Key Responsibilities:

•	Strategy Initiatives: Develop and maintain product strategy initiatives aligned with MSF’s strategic outcomes, and continuously refine product’s objectives and key results (OKRs).
•	Drive Product Outcomes: Partner cross-functional teams and product squads to translate strategic initiatives into product outcomes.
•	Stakeholder Management: Have a good grasp of the change impact within the various domains and cater differentiated strategies for different domains and stakeholders where applicable. Present strategic recommendations to senior stakeholders, supported by data-driven insights.
•	Product Innovation: Monitor developments and emerging technologies to maintain product’s competitive advantage and enhance user-centricity.
•	Resource Management and Control: Collaborate with corporate divisions to ensure seamless resourcing for product development in a continuous improvement model.
•	Facilitation of Strategic Events or Platforms: Plan and drive strategic retreats, discussions, focus groups and visioning exercises to inform renewal and refinement of product strategies.

",Ministry Of Social And Family Development,Organisation Development
144,"Assistant Manager/Manager (Operations Policy), ECDA/RL","The Early Childhood Development Agency (ECDA) serves as the regulatory and developmental authority for the early childhood sector in Singapore, overseeing key aspects of children’s development below the age of 7 in early childhood development centres (i.e.  kindergartens and childcare centres). ECDA is jointly overseen by the Ministry of Education (MOE) and the Ministry of Social and Family Development (MSF) and is hosted under MSF.

The Regulation and Licensing Division is responsible for setting the regulatory standards and framework to ensure that for early childhood development centres (ECDCs) meet the standards of care and education necessary for children’s development in their early years. We do this in accordance with the Early Childhood Development Centres (ECDC) Act and Regulations, and maintain an overview of whether these legislative levers continue to be relevant as the early childhood sector and Singapore’s societal needs evolve. This involves regular reviews of sector development plans, regulatory requirements and enforcement frameworks, assessments of ECDCs for licence issuance and renewals, investigations on incidents and public feedback, and taking enforcement actions for non-compliances. 
 •	At least 2-3 years’ experience in policy development, operations policy and/or legislative work preferred. 
•	Strong analytical and logical thinking capability, with an ability to conceptualise broad ideas yet also pay attention to details.
•	Strong in writing and possess an ability to communicate clearly and persuasively.
•	Systematic and manages timelines well; able to work independently in a fast-paced environment. 
•	Good team-player with well-rounded interpersonal skills to work across teams and with diverse stakeholders (public and private sector). 
 In this operations-policy role, you will be involved in legislative reviews, translating of broader policies and legislation into guidelines and parameters for operationalisation, and framing of public communications. You will also be required to work closely with the policy directorate in MSF and involved in broader sector development reviews led by the policy directorate.
You will be involved in the following key areas:
•	Review of Early Childhood Development Centres (ECDC) Act and Regulations to uplift the standards and quality of care in preschools in Singapore. This includes gap analyses to identify legislative changes that are required and analyses of operational implications of such reviews.
•	Review regulatory standards and operational policies to operationalise legislative levers. This includes engagements with preschool operators, government agencies and other stakeholders.
•	Conceptualise and launch public communications efforts to create buy-in on legislative/regulatory changes from various stakeholders (e.g., preschool operators, parents, broader public), and prepare communication materials to address queries on regulatory requirements and breaches. 
•	Assessment of new applications for ECDC licences.
",Ministry Of Social And Family Development,Social and Community Development
145,"Assistant Manager/Manager (Operations Planning), ECDA/RL","The Early Childhood Development Agency (ECDA) serves as the regulatory and developmental authority for the early childhood sector in Singapore, overseeing key aspects of children’s development below the age of 7 in early childhood development centres (i.e.  kindergartens and childcare centres). ECDA is jointly overseen by the Ministry of Education (MOE) and the Ministry of Social and Family Development (MSF) and is hosted under MSF.

The Regulation and Licensing Division is responsible for setting the regulatory standards and framework to ensure that for early childhood development centres (ECDCs) meet the standards of care and education necessary for children’s development in their early years. We do this in accordance with the Early Childhood Development Centres (ECDC) Act and Regulations, and maintain an overview of whether these legislative levers continue to be relevant as the early childhood sector and Singapore’s societal needs evolve. This involves regular reviews of sector development plans, regulatory requirements and enforcement frameworks, assessments of ECDCs for licence issuance and renewals, investigations on incidents and public feedback, and taking enforcement actions for non-compliances. 
 •	At least 2-3 years’ experience in operations policy and/or strategic planning.
•	Strong analytical and logical thinking capability, with an ability to conceptualise broad ideas yet also pay attention to details.
•	Strong in writing and possess an ability to communicate clearly and persuasively.
•	Systematic and manages timelines well; able to work independently in a fast-paced environment. 
•	Proficiency in working with data and digital tools would be an advantage.
•	Good team-player with well-rounded interpersonal skills to work across teams and with diverse stakeholders (public and private sector). 
 This is an operations-planning role, where you will be involved in strategic planning and communications, emergency preparedness planning, and efforts to strengthen manpower capability in the Division. You will also be required to work closely with the policy directorate in MSF and involved in broader sector development reviews led by the policy directorate.

You will be involved in the following key areas:
•	Review of scope and definition of licensing framework and processes, and spearhead strategic planning and reviews for the Division.

•	Collect and analyse data related to the regulation of preschools, and develop and maintain dashboards to monitor such data, to support the development and implementation of strategic plans and improvements to licensing and investigation processes. 

•	Transform work processes for more effective implementation of operations policies, such as by leveraging on technology to operationalise legislative levers and improve operational efficacy. 

•	Finetune and maintain emergency response protocols and crisis management plans to ensure operational readiness of the preschool sector and the Division. This includes coordination with different agencies/stakeholders for an integrated crisis response.

•	Develop, implement, and maintain a structured training roadmap for officers in the Division. 

•	Conceptualise and launch public communications efforts to create buy-in on legislative/regulatory changes from various stakeholders (e.g., preschool operators, parents, broader public), and prepare communication materials to address queries on regulatory requirements and breaches.

•	Assessment of new applications for ECDC licences.
",Ministry Of Social And Family Development,Social and Community Development
146,"Assistant Manager/Manager (EI Salary Compliance), ECDA/SP","The Early Childhood Development Agency (ECDA) serves as the regulatory and developmental authority for the early childhood sector in Singapore, overseeing key aspects of children’s development below the age of 7, across both kindergartens and childcare centres. ECDA is an autonomous agency jointly overseen by the Ministry of Education (MOE) and the Ministry of Social and Family Development (MSF) and is hosted under the Ministry of Social and Family Development.   
The Sector Planning Department in ECDA oversees infrastructure planning as well as manpower planning & programmes to ensure necessary resources are in place for the delivery of infant, preschool and early intervention services. 
 •	Prior work experience or related professional qualification in manpower or HR policy development, especially in compensation and career management will be an advantage. 
•	Sound analytical abilities and comfortable working with quantitative/financial data. 
•	Competent at synthesising and analysing raw datasets, and visualising data effectively to convey insights 
•	Good written and communication skills to present views clearly and persuasively 
•	Good team-player with well-rounded interpersonal skills to work across teams and with diverse stakeholders (public and private sector). 
•	Meticulous and comfortable to work within tight timelines and adaptable to changes. 
 As a member of the Manpower Planning team under the Sector Planning Department, you will join a dynamic close-knit team that drives manpower solutions in the early childhood and early invention sector in close collaboration with our industry partners, various other agencies as well as political office holders. 

You will be involved in the following key areas:
•	Reviewing the compensation structure and career progression of Early Intervention (EI) professionals, taking into consideration the relativity to job roles in the General Market and other comparable sectors. 
•	Working with government-supported EI operators to track and assess their progress in meeting manpower-related key performance indicators (KPIs), recommending ways to partner the operators to achieve the desired outcomes. 
•	Managing EI job and compensation data and performing analytics to support review of manpower policies and initiatives.
•	Formulating and implementing initiatives to enhance the HR capabilities and practices of EI operators. 
•	Engaging and liaising with diverse range of stakeholders such as preschool operators and government agencies. 
•	Secretariat duties for government committees and workgroups related to ECDA’s mission. 
",Ministry Of Social And Family Development,Social and Community Development
147,"Manager/Senior Manager (Strategy and Women's Development), FCD/SWD","The Strategy and Women’s Development Division (SWD) is the national focal point on gender matters in Singapore. A key mandate for SWD is to strengthen the eco-system for women’s development and represent Singapore on women’s matters internationally.  •	Relevant qualification
•	Strong interest in women’s development issues as well as current and international affairs 
•	3-5 years of working experience preferably in areas related to policy-making and stakeholder engagement
•	Strong conceptualisation and analysis skills
•	Systematic, meticulous, and good project management skills
•	Excellent written and communication skills, including in public communications 
•	Good team-player with well-rounded interpersonal skills to work across teams and engage diverse stakeholders (public and private sector)
•	Able to work independently and thrive in a fast-paced environment

 You will join a dynamic and close-knit team of officers in SWD to strengthen support for women towards a fairer and more inclusive society. You will be involved in working with public sector agencies and various women’s organisations to develop and review policies for women’s development, leading the implementation of the White Paper on Singapore Women’s Development, and facilitating greater women’s representation in leadership roles, including on boards in the private, public and people sector. 
 
You will also manage issues related to SWD’s engagement with regional and international counterparts and fora pertaining to women’s development, including monitoring the progress and implementation of Singapore’s obligations to the United Nations Convention on the Elimination of All Forms of Discrimination against Women, and represent Singapore at regional and international meetings.
",Ministry Of Social And Family Development,Social and Community Development
148,"Manager/Senior Manager (Family & Early Childhood), FCD/FEC","The Family & Early Childhood (FEC) division sits under the Family and Child Development (FCD) Policy Directorate. The FEC division formulates and reviews policies that promote and strengthen families, in support of MSF’s macro outcomes to support marriage and parenthood actualisation and build strong and resilient marriages and families.  •	Strong analytical and critical thinking, writing and communication skills
•	Ability to analyse issues from a strategic perspective and take a system view, while having a good grasp of details and processes
•	Strong problem-solving skills
•	Good stakeholder engagement and management skills 
•	Candidates with relevant working experience would have an advantage
•	Ability to work well independently and in teams
•	Driven and proactive, able to lead projects independently

Only shortlisted candidates will be notified within 4 weeks from the closing date of this position. The officer will work with other stakeholders in the Government to formulate and review policies. 

•	Study emerging trends and assess its impact on families; 
•	Understand Singaporeans’ attitudes and beliefs about the institution of family;
•	Develop and execute engagement plans with community stakeholders to build networks and trust, and gain a better understanding of different views towards the institution of family; 
•	Continually assess and shape the definition and perception of family in Singapore, while accounting for demographic trends and evolving social norms; 
•	Conduct robust research and analysis, and engage stakeholders to understand and strengthen the ecosystem of family support services and programmes;
•	Formulate effective policies and programmes, with other agencies to address potential gaps that support various types of families; and 
•	Review legislation to ensure it remains relevant in supporting our policies and programmes.",Ministry Of Social And Family Development,Policy Formulation
149,"Family Coach, SSP-SD","The Social Support Group (SSP) oversees all policy, planning and delivery of social services for low-income and vulnerable families, including persons with disabilities. 

The Service Delivery Division (SD) oversees all direct operations, including Social Service Offices (SSOs), service management of Family Service Centres, administration of schemes for student and childcare and Student Care Centre operations.  Candidate must be passionate about supporting vulnerable families and possess the following competencies: 
•	Degree and/or Grad Dip in Social Work, Psychology, Sociology, Community Development or related degrees would be advantageous
•	Advantageous to have at least 3 years of relevant working experience in engagement or social service sector, and able to work independently 
•	Strong interpersonal and communication (written and presentation) skills 
•	Strong analytical, planning and problem-solving skills
•	Proactive and self-motivated worker
•	Effective team-player
•	Empathetic
•	Able to speak a vernacular language/dialect would be advantageous 
•	Meticulous 
•	Stakeholder Engagement (Befriending experience, motivational interviewing and assessment skills would be an advantage)
•	Community Development
•	Project Management
•	Candidates who have relevant volunteering/working experience in the social service sector or other roles that help the needy would be an advantage. 
•	He/she should be able to engage multiple parties, who may have differing views, to develop an integrated and coordinated client-centric plans that are in the families’ best interest.  

 As a Family Coach (FC) within the SSO, you will support the implementation of Community Link (ComLink), an initiative that provides proactive and integrated family-centric support to low-income, vulnerable families with children living in rental flats with the aim of empowering them to achieve Stability, Self-reliance and, ultimately, Social mobility (3‘S’).   

You will maintain regular engagement with these families. These regular engagements will allow you to (1) befriend the family to build trust and rapport, (2) work with the family to come up with an action plan that would help them address their needs and achieve their aspirations, (3) coordinate with various agencies to bring in assistance for the families, where needed and (4) monitor the families’ progress towards achieving 3‘S’ goals.

In delivering social support to these families, you are required to work closely with the team of MSF officers and other stakeholders such as government organisations, Social Service Agencies, Advisers & their grassroots leaders, community partners, as well as volunteers. 
",Ministry Of Social And Family Development,Social and Community Development
150,"Assistant Manager/Manager (Procurement Management Unit), FFD","The Finance and Facilities Division (FFD) is responsible for the Ministry’s financial matters, procurement management and general administration. FFD promotes proper stewardship of the Ministry’s resources by applying best practices across its various functions. 

The Procurement Management Unit oversees the Ministry’s procurement function and facilitates proper governance and internal controls through the setting of procurement policy and rendering of procurement advice.


 Competencies Required: 

•	At least 3 years of relevant work experience
•	Having procurement experience in the Public Sector and practical experience in GeBiz operations
•	Collaborative team player
•	Strong analytical skills
•	Effective interpersonal and communication skills
•	Resourceful, pro-active and highly driven individual
 Brief Description of Job Scope:

We are looking for a pro-active and dynamic individual to join the Procurement Management Team. You would provide direction to Divisions for procurement operations and ensure that procurement practices are sound, effective, and aligned with MSF policies and processes.


Responsibilities:

Reporting to the Procurement Assistant Director, you will be part of a dynamic team that will be involved in the management of the Ministry's procurement. Your primary duties will involve the execution of procurement operations such as calling of quotations and tenders for goods and services requested by the Divisions using the Government Electronic Business System (GeBiz). 

You will be working with Divisions to develop appropriate procurement approaches to achieve effective procurement as well as provide support and professional procurement advice to ensure compliance with policies and processes. You will also be required to review internal procurement policies, collect and manage procurement data/information and translate them into reports for management reporting.

",Ministry Of Social And Family Development,"Accounting, Audit, Finance"
151,"Software Engineer (Salesforce), SIR/CCPO","We are now looking for a top-notch Salesforce developer to join us in this mission, designing world class Salesforce applications for Service Cloud and/or Public Sector solutions.

You will be responsible to gather project requirements, analyse project objective/goal to create customer workflows and troubleshoot errors, eventually to create dynamic and scalable Salesforce applications that meet the changing needs of the project.

You will work within an agile development team at the Ministry of Social and Family Development (MSF) to modernise and develop CaseCentral, a case management platform. •	Certified Salesforce Platform Developer
•	Salesforce development experience, especially with Service Cloud
•	Experience with Salesforce Public Sector Solutions will be a bonus
•	Knowledge of Salesforce development and customisation, including:
- Apex development
- Visualforce page development
- Lightning components development
- Experience in third-party API and SFTP integrations
- Experience with data migration through other CRM tools, e.g., data loader, including experience with Curam DB2 

•	Configuration Experience, including:
- Hands-on configuration experience in administration setup (managing org, users, profiles, roles, security controls, data and support processes configuration)
- Experience in designing custom objects, custom fields, picklists, page layouts, workflows, approval processes, validation rules and flows
- Experience in report and dashboard configuration
- Experience with OmniStudio and Omniscript will be a bonus


•	Ability to work independently
•	Strong problem-solving skills with capacity to provide optimal solutions
•	Effective communication with customers/business stakeholders and provide consultation on Salesforce solutions
•	Ability to provide consultation on Salesforce solutions

Only shortlisted candidates will be notified within 4 weeks from the closing date of this position. •	Collaborating with stakeholders to validate business requirements
•	Developing Apex classes and triggers to support business needs and custom user interface development
•	Using Salesforce APIs to integrate with third-party systems and Whole-of-Government components/services
•	Adhering to Salesforce best practices with proper documentation",Ministry Of Social And Family Development,"InfoComm, Technology, New Media Communications"
152,Manager/Senior Manager (Residential Support Branch) - Strategic Engagement Team,"Description of Group:

The functions of the Social Support Group (SSP) are to: 
a)	Develop operations policies for and deliver social assistance schemes and programmes, and address system barriers to support lower-income and vulnerable individuals and families;  
b)	Develop, manage and license MSF-funded social services for lower-income and vulnerable individuals and families; &
c)	Develop partnerships with the community and corporates to deliver services and support to lower-income and vulnerable groups.

Description of Division/Branch:

The Residential Support Branch (RSB) under Residential Support & Licensing Division (RSL) provides support to the vulnerable individuals in the community, including rough sleepers, homeless persons, cardboard collectors, tissues sellers, and those requiring food support or residential support.
 Technical and behavioural competencies: 
•	Tertiary qualifications in any discipline 
•	Experience in social service and ops planning would be an advantage 
•	Strong communication skills, both written and verbal 
•	Strong analytical skills and critical thinking
•	Good interpersonal skills and effective team players 
•	Committed and self-driven
•	Dynamic and perseverance 

Functional Competencies:
•	Service Ops Planning & Mgmt
•	Service Strategy & Policy Planning
•	Customer Service & Case Mgmt  
•	Service Quality & Standards
•	Service Data Mgmt & Analytics

You will be contacted within 4 weeks if shortlisted for the role.  The Strategic Engagement team of the RSB focus on partnering and supporting the stakeholders to collaborate and support the various types of vulnerable persons via three networks: (i) the PEERS Network related to rough sleepers and homeless, (ii) the Vulnerable-in-Community (VIC) Network related to tissue sellers and cardboard collectors; and (iii) the Charity Food Workgroup related to those requiring food support. The Strategic Engagement Team plays a facilitative role to co-create and co-deliver with partners solutions that aim to value-add to the service landscape for these vulnerable persons.  

Responsibilities: 

•	Strategic Stakeholder Engagement – Conceptualise, design and implement strategies to expand partnership to meet the desired outcomes for RSB.  Engage existing and new partners of the PEERS Network and VIC Networks to explore initiatives that will help support rough sleepers and vulnerable individuals such as facilitating ground-up efforts in setting up temporary shelters, and outreach efforts to rough sleepers and vulnerable individuals. 

•	Event Planning and Coordination – Lead the planning and execution of events for partners such as annual appreciation event to commemorate partners’ contributions; Resource Sessions to facilitate cross-sharing of good practices; and engagement sessions of POHs/Senior Management with the community partners. 

•	Strategic Operations Planning – Lead the planning and execution of new initiatives/pilots to strengthen support to the rough sleepers and the vulnerable individuals, e.g. employment options for VICs; S3P+ alternative models; rough sleeper street counts; maintenance of food directory and database.  

•	Secretariate and Staffing Work – Perform secretariate work for the MSF-MND Inter-Ministry Rough Sleeper Case Discussions.  Plan, schedule and coordinate night walks for POHs in engaging the rough sleepers and vulnerable individuals.

•	Media and Communications Management – Interface with Communications Division and other agencies to facilitate media replies and Parliamentary Questions where necessary; coordinate input to comms-related content on rough sleepers and vulnerable individuals; nominate partners for awards and surface Human Interest Stories for media features.",Ministry Of Social And Family Development,Others
153,"Senior Manager (Data Governance Office ), SIR/TF","The Strategy, International & Research (SIR) Directorate oversees and drives MSF’s strategic planning, transformation, international engagement, as well as research and analytics efforts to achieve MSF’s strategic outcomes.  

As part of the Transformation Division in SIR, you will be involved in a cross-functional team to drive MSF’s data strategy, formulate data governance policies/processes and build data capabilities within MSF. 

Reporting to the Senior Assistant Director (Data Governance Office) of the Transformation Division within SIR, you will be part of a high-performing team of officers who are committed to drive data transformation within MSF and the social service sector.

 •	At least 3 years of experience in data management, data quality assurance, or related field
•	Strong knowledge of data quality tools, database management systems, and data governance frameworks
•	Experience with data manipulation and analysis tools
•	Good understanding of data protection regulations and government data policies
•	Strong analytical and problem-solving skills with attention to detail
•	Strong communication and stakeholder management abilities

Only shortlisted candidates will be notified within 4 weeks from the closing date of this position.
 Join us in shaping MSF's data transformation journey. We are seeking skilled professional to help design and implement MSF's Data Plan, and enhance our data management capabilities.

Key Responsibilities:
•	Implement data quality improvement strategy (DQIS) across MSF and ensure policies and procedures are followed to maintain data integrity across various systems and databases. 
•	Collaborate with stakeholders to ensure DQIS is well understood and effectively implemented.
•	Conduct data quality assessments and audits to identify inconsistencies, duplications, and errors, while working with divisions to implement corrective measures to resolve data quality issues
•	Review and improve data management workflows, including data collection, storage, processing, and archival procedures in accordance with government data policies and standards
•	Monitor and analyse data quality metrics, preparing regular reports on data quality status and improvements for management review
•	Conduct sharing sessions on best practices for data management
",Ministry Of Social And Family Development,Social and Community Development
154,"Assistant Manager/Manager/Senior Manager (Masterplan), FCD/EN","You will join a dynamic team within the Enabling Division (EN) to drive and coordinate policies to support persons with disabilities across a wide range of areas, such as training, employment, care services, and accessibility.

Beyond formulating and reviewing policies, we work with stakeholders across the public, people and private sectors to co-create and co-implement the recommendations of the Enabling Master Plan which guides Singapore towards becoming a more caring and inclusive society.

 •	Relevant working experience in policy and/or policy-ops domain is an advantage.
•	Excellent analytical and critical thinking skills.
•	Comfortable with looking at issues through a strategic and operational lens.
•	Highly motivated and able to effectively work in a team in a fast-paced and challenging environment.
•	People-centric and able to build consensus with multiple stakeholders. 
•	Good written and verbal communication skills.  


You will be notified whether you have been shortlisted within 4 weeks from the closing date of this job posting. •	Develop medium to long term strategic plans to enhance support, accessibility and inclusivity for persons with disabilities as part of the recommendations under the Enabling Master Plan
•	Monitor and analyse trends and feedback, to conceptualise pilots or policies to support persons with disabilities in a wide range of areas
•	Work closely with other agencies and key stakeholders to oversee implementation 
•	Support the Sector Strategy and Planning Branch in other projects to enhance accessibility for persons with disabilities and build an inclusive society, including on international relations.



",Ministry Of Social And Family Development,Social and Community Development
155,"Manager/Senior Manager (Data Sphere), SIR/TF","The Strategy, International & Research (SIR) Directorate oversees and drives MSF’s strategic planning, transformation, international engagement, as well as research and analytics efforts to achieve MSF’s strategic outcomes.
 
As part of the Transformation Division in SIR, you will be involved in a cross-functional team to drive MSF’s data strategy, formulate data governance policies/processes and build data capabilities within MSF. 

Reporting to the Senior Assistant Director (Data Governance Office) of the Transformation Division within SIR, you will be part of a high-performing team of officers who are committed to drive data transformation within MSF and the social service sector.
 •	Experience with data quality management (i.e resolution of erroneous and duplicate records) and data stewardship
•	Knowledge of data integration processes (e.g knowledge of APIs) and ETL (Extract, Transform, Load) concepts
•	Familiarity with data analytics platforms (e.g DataBricks) and data management tools 
•	Understanding of data security and privacy requirements, particularly IM8 policies
•	Basic SQL knowledge and data manipulation skills (e.g. CRUD operations, Table Joins, Group By and subqueries)
•	Ability to document processes and maintain documentation (preferably some knowledge of Confluence and Jira) 
•	Strong communication skills to explain technical concepts to non-technical audiences
•	Collaborative mindset and team player attitude


 Join us in shaping MSF's data transformation journey. We are seeking a skilled professional to help implement MSF's Data Plan and enhance our data management capabilities.

Key Responsibilities:
•	Undertake data integration initiatives by working closely with MSF Divisions and other government agencies to incorporate their datasets into our centralised data analytics platform
•	Maintain and update data governance frameworks within the analytics Platform to ensure compliance with IM8 policy requirements
•	Establish and monitor data quality standards, ensuring all datasets meet required quality thresholds
•	Serve as the enterprise data steward for the analytics platform, overseeing data management practices and maintaining data integrity across the platform
•	Support data requests to external agencies and data platforms within Singapore’s Public Service
",Ministry Of Social And Family Development,Social and Community Development
156,"Manager/ Senior Manager (System Governance and Enabling Services), FCD/EN","You will be involved in reviewing and refining existing programmes and services, engage and collaborate with stakeholders across various sectors to understand the needs/ gaps and drive the co-solutioning and co-delivery of solutions, secure resources needed to deliver more comprehensive and holistic support, and enhance accessibility for persons with disabilities so that they can achieve their potential and actively participate in society. •	Preferable 5 years of working experience in public service with experience in policy formulations and reviews;
•	Possess good written and communication skills;
•	Ability to engage and build relations with carious stakeholders;
•	Detail oriented;
•	Diligent, resourceful and able to multi-task in a dynamic work environment;
•	Team player, and exercise initiative at work; and
•	Effective time management and good organisation skills, able to manage tight timelines and deliver outcomes in a fast-paced working environment.

You will be notified whether you have been shortlisted within 4 weeks from the closing date of this job posting. 
 •	Overseeing the corporate and governance-related issues for SG Enable;
•	Formulate, review and implement policies and initiatives in areas such as assistive technology, accessibility etc to serve the needs of persons with disabilities; and
•	Work with stakeholders across government agencies and SG Enable to co-develop solutions and implement initiatives.
•	Lead a small team.

",Ministry Of Social And Family Development,Social and Community Development
157,"Assistant Manager/Manager, Regional Services (SSP/SD)","The Social Support Group (SSP) implements programmes and initiatives, to support lower-income and/or vulnerable individuals and their families.
The Service Delivery Division (SD) oversees all direct operations, including Social Service Offices (SSOs), service management of Family Service Centres, administration of schemes for student and childcare and Student Care Centre operations. Candidates should be passionate about helping vulnerable families/individuals and have a keen interest in collaborating with different groups in the people, private, and public sectors to catalyse meaningful partnerships and volunteer opportunities at the SSO. The officer should possess the following traits:

Personal Competencies
• Strong interpersonal and communication (written and presentation) skills
• Strong analytical, planning and problem-solving skills
• Proactive and self-motivated worker
• Effective team-player

Skills and Knowledge
• Project Management
• Stakeholder Engagement
• Organisation Development
• Training Development

Education Qualifications:
Minimal - Degree (Community Development, Sociology, Social Work, Psychology, or related degrees would be advantageous)

Relevant Experience:
Minimum - At least 1 year of relevant working experience in the social services sector, has experience in casework and can work independently and in a team.

Above all, the officer must have the desire to build a career in the social service sector to help the vulnerable. He/she should be able to engage multiple parties, who sometimes may have differing views, to come up with a solution that would ultimately benefit the individuals/families that we serve. As an Assistant Manager/Manager, Social Service Office (Regional Services), you will oversee the implementation of MSF programmes (in particular, Community Link) at the Social Service Office (SSO), and coordinate government and community resources to strengthen the delivery of social services to individuals/families in need.

You will also be responsible for getting a good understanding of social needs and resources in the town under your purview, to facilitate service/programme planning. This could be done through regular engagements with community stakeholders and conducting needs assessment surveys/focus group discussions with residents. You will help support a town-level implementation workgroup, a platform for government agencies and community partners to identify concerns and develop programmes to address the community’s needs.

You will also be responsible for the recruitment, training and management of volunteers at the SSOs are implemented smoothly. This involves cultivating meaningful volunteer partnerships between the SSO and corporations, foundations, volunteer groups and individuals, through networking and engagement sessions.",Ministry Of Social And Family Development,Social and Community Development
158,"Youth Guidance Officer (Singapore Girls' Home), RPG/YRS","The Rehabilitation and Protection Group (RPG) provides services for the rehabilitation of adult and youth offenders and the protection of children and families. We are passionate and committed to making a difference in the lives of these children, youths and families and are looking for like-minded individuals who share the same passion as us to join our dynamic and life-changing team. 

As part of the RPG family, the Youth Residential Service (YRS) is responsible for the rehabilitation, protection and reintegration of youths placed in secure care at the Singapore Girls’ Homes (SGH).  Functional/Technical Competencies 
• Tertiary qualification 
• Experience working in an institution, or with groups of at-risk youths and/ or challenging youths 
• Youth-savvy, with strong interest and commitment in working and caring for challenging youths 
• Efficient with organisational skills and able to leverage on technology 
• Able to conduct risk assessment and maintain situational awareness when on duty, and respond appropriately and promptly in challenging situations. 

Generic Competencies 
• Able to command presence and respect 
• Able to maintain consistent stand and respond to residents firmly and calmly and is not easily intimidated, 
• Good physical stamina: Able to run distances to reach scenes of emergencies and climb multiple stairs daily when performing duties 
• Analytical mindset with problem solving and decision-making skills 
• Resilient and able to handle stress with high emotional stability 
• Able to communicates effectively with good listening skills 
• Adaptable and alert, and understands when to escalate complex issues  As a Youth Guidance Officer, you will take at-risk youths from challenging backgrounds through structured daily routines, coach and develop them to acquire personal mastery in the areas of positive values, attitude and habit formation. 

You will need to plan, implement and review structures, routines and programmes in youth guidance. You will ensure the holistic well-being of female youths, and establish and maintain security and safety for the youths. You will manage youth discipline through a balanced, robust and caring approach. Being part of the ministry, you will collaborate with other professionals to achieve the rehabilitative outcomes for youths. You will also contribute to the professional growth and development of the Homes, Division and Ministry. You will serve as a positive role-model in speech, attitude and behaviour. You will work in a fast-paced and highly volatile environment that would require the ability to manage multiple priorities and stakeholders at the same time.

• You must be willing to work in shifts. 
• As this role requires close supervision and to provide care of female at-risk youths, we are only able to accept female candidates.",Ministry Of Social And Family Development,Social and Community Development
159,"Manager/Senior Manager (Data Strategy & Governance), SIR/TF","The Strategy, International & Research (SIR) Directorate oversees and drives MSF’s strategic planning, transformation, international engagement, as well as research and analytics efforts to achieve MSF’s strategic outcomes.
 
As part of the Transformation Division in SIR, you will be involved in a cross-functional team to drive MSF’s data strategy, formulate data governance policies/processes and build data capabilities within MSF. 

Reporting to the Senior Assistant Director (Data Governance Office) of the Transformation Division within SIR, you will be part of a high-performing team of officers who are committed to drive data transformation within MSF and the social service sector.
 •	At least 2 years of working experience, preferably in data management, data governance or related fields.
•	Familiar with IM8 and data protection, and governance principles and processes would be an advantage
•	Experience in data analytics. 
•	Strong communication and interpersonal skills to effectively foster a culture of data stewardship and collaboration.

Only shortlisted candidates will be notified within 4 weeks from the closing date of this position. Join our team supporting the Chief Data Officer in developing and implementing MSF's Data Strategy. This role focuses on transforming MSF's data management practices across people, culture, policies, processes and technology. You will collaborate with various MSF Divisions to develop authoritative sources of integrated data for exploitation projects.

Key Responsibilities:
•	Drive the development and implementation of MSF's data strategy, ensuring effective management throughout the data lifecycle and alignment with organisational objectives
•	Establish and maintain robust data governance frameworks, including policies and procedures that align with Whole-of-Government requirements
•	Coordinate data sharing initiatives both internally and with external partners, while facilitating the resolution of data-related issues across the organisation
•	Establish and monitor key performance indicators for data governance and capability development. Development of dashboards to senior management on the progress and areas for improvement. 
•	Lead the identification and classification of data archetypes across departments, while developing and implementing the necessary competency frameworks to support them.
•	Champion good data governance practices through effective change management, helping to build a data-driven culture within MSF
",Ministry Of Social And Family Development,Social and Community Development
160,Assistant Manager/Manager/Senior Manager (Manpower Planning),"Drive sector manpower demand and supply planning, which includes strategies to ensure sustainable pipelines for key social service professionals and optimisation of the sector workforce structure. • Academic background in a related discipline, with interest in the social sector. 
• Good understanding of Singapore’s social service sector/ landscape would be an advantage.  
• Creative, analytical, resourceful and highly motivated.
• Strong data analysis, systems-thinking, and policy development skills.
• Strong written and verbal communication skills.
• Strong interpersonal skills; comfortable working with people of all levels and able to build good collaborative relationships with internal and external stakeholders.
• Effective team player with good team and project management skills
• Ability to translate policy considerations into implementation, balancing strategic policy objectives with practical ground realities. • Review the parameters and assumptions used in manpower demand-supply projections and identify potential gaps or opportunities to better meet sector manpower needs.
• Collaborate with Institutes of Higher Learning, social service agencies and other public sector organisations to ensure sufficiency of pre-employment and continuing education and training pipelines. 
• Assess manpower implications of new or updated services, including staffing ratios and competency requirements.
• Develop strategies to enable sector manpower optimisation in areas such as alternative manpower models and job redesign.",Ministry Of Social And Family Development,Policy Formulation
161,"Psychologist (Centre for Forensic Mental Health), RPG-CFPS","The Centre for Forensic Mental Health (CFMH) in the Psychology & Social Services (PSS) division works with youth/adult offenders and their families to provide psychological assessment and therapy services, conducts training and provides consultation services in clinical forensic psychology to internal partners within MSF as well external partners such as VWOs, hospitals, and other ministries.

If you have a special interest in working with youth/adult offenders and their families, come join a team of dynamic and passionate professionals. There will also be opportunities for research and programme evaluation in areas of offending behaviour. Continual clinical training and supervision will be provided. • Minimally a Master’s degree in Applied, Clinical or Forensic Psychology
• At least 3 years of experience in Applied, Clinical or Forensic Psychology setting after completion of postgraduate degree is preferred
• Good report writing skills
• Effective interpersonal skills to engage both internal and external stakeholders
• Ability to work in a multidisciplinary team At CFMH, you will provide empirically-based, specialised assessment and treatment for adolescents and adults who have engaged in offending behaviours, in order to rehabilitate and empower them to lead socially responsible lives. You will:

• Provide psychological assessment and evidence-based therapy services, as well as conduct training for our partners and stakeholders
• Provide consultation services to internal partners in MSF as well external partners such as VWOs, hospitals, and other ministries",Ministry Of Social And Family Development,Social and Community Development
162,Assistant Manager / Manager (Social Assistance),"The Social Support Group (SSP) implements programmes and initiatives, to support lower-income and/or vulnerable individuals and their families. 

The Service Delivery Division (SD) under SSP delivers services directly to residents and works with partners to uplift lower-income individuals and families, as well as destitute persons.  
 Competency Requirements: 
Candidate must be passionate about supporting lower-income, vulnerable families and can independently supervise and lead a team in fulfilling their key responsibilities. Candidates should possess the following traits:

Functional/Technical Competencies
•	Degree and/or Grad Dip in Social Work, Psychology, Sociology, Community Development or related degrees and relevant working experience would be advantageous.

Behavioural Competencies
•	Strong interpersonal and communication (written and presentation) skills 
•	Excellent analytical, planning and problem-solving skills
•	Proactive and self-motivated toward continuous learning
•	Effective team-player
•	Empathetic
•	Tactful, and yet assertive
•	Ability to multi-task
•	Candidate with a passion for serving lower-income individuals and families

Skills and Knowledge
•	Excellent stakeholder engagement skills
•	Community Development
•	Resourceful and exercise initiative at work
•	Able to lead agencies in case discussions with various stakeholders to advocate for individuals/families
 As a Social Assistance Assistant Manager / Manager within the Social Service Office (SSO), you will assist the Social Assistance Assistant General Manager (SA AGM) to deliver ComCare financial assistance in a comprehensive, convenient and coordinated manner for persons in need. You will also support the SA AGM in the day-to-day operations of the SSO to ensure MSF service standards are met.

Besides administering ComCare to persons in need of financial assistance you will link them up with relevant government agencies and community partners for additional support where applicable. You may also need to work with the Policy and Operations Policy team to provide timely feedback on ComCare policy and operations policy matters to ensure that ComCare assistance is administered effectively and efficiently.

Part of your work also involves administrative, organisational and corporate support functions.  For instance, you would need to ensure that data on the cases you manage is accurate.  You would also have to work closely with your other colleagues in the SSO to co-implement business continuity processes and risk management standard operating procedures.
",Ministry Of Social And Family Development,Social and Community Development
163,"Youth Guidance Officer (Singapore Boys' Home), RPG/YRS","The Rehabilitation and Protection Group (RPG) provides services for the rehabilitation of adult and youth offenders and the protection of children and families. We are passionate and committed to making a difference in the lives of these children, youths and families and are looking for like-minded individuals who share the same passion as us to join our dynamic and life-changing team. 

As part of the RPG family, the Youth Residential Service (YRS) is responsible for the rehabilitation, protection and reintegration of youths placed in secure care at the Singapore Boys’ Homes (SBH).  Functional/Technical Competencies 
• Tertiary qualification 
• Experience working in an institution, or with groups of at-risk youths and/ or challenging youths 
• Youth-savvy, with strong interest and commitment in working and caring for challenging youths 
• Efficient with organisational skills and able to leverage on technology 
• Able to conduct risk assessment and maintain situational awareness when on duty, and respond appropriately and promptly in challenging situations. 

Generic Competencies 
• Able to command presence and respect 
• Able to maintain consistent stand and respond to residents firmly and calmly and is not easily intimidated, 
• Good physical stamina: Able to run distances to reach scenes of emergencies and climb multiple stairs daily when performing duties 
• Analytical mindset with problem solving and decision-making skills 
• Resilient and able to handle stress with high emotional stability 
• Able to communicates effectively with good listening skills 
• Adaptable and alert, and understands when to escalate complex issues  As a Youth Guidance Officer, you will take at-risk youths from challenging backgrounds through structured daily routines, coach and develop them to acquire personal mastery in the areas of positive values, attitude and habit formation. 

You will need to plan, implement and review structures, routines and programmes in youth guidance. You will ensure the holistic well-being of male youths, and establish and maintain security and safety for the youths. You will manage youth discipline through a balanced, robust and caring approach. Being part of the ministry, you will collaborate with other professionals to achieve the rehabilitative outcomes for youths. You will also contribute to the professional growth and development of the Homes, Division and Ministry. You will serve as a positive role-model in speech, attitude and behaviour. You will work in a fast-paced and highly volatile environment that would require the ability to manage multiple priorities and stakeholders at the same time.

• You must be willing to work in shifts. 
• As this role requires close supervision and to provide care of male at-risk youths, we are only able to accept male candidates.",Ministry Of Social And Family Development,Social and Community Development
164,Senior Manager / Manager (Ecosystem Strategy and Governance),"This is an individual contributor role in the Resourcing and Ecosystem (RE) Division of the Ministry of Social and Family Development (MSF).

RE aims to cultivate a future-ready social service sector that delivers quality services, is well-resourced, and has high levels of community engagement and contribution. As a team, we value and uphold critical systems-thinking, initiative and accountability, effective verbal and written communication, and collaboration with key stakeholders. We are looking for individuals who share these attributes.

Prior experience and a strong interest in public policy, social impact, technology and/or digital adoption would be advantageous. You will develop and implement strategies, policies, and projects to empower Singapore’s social service sector to have a greater positive impact. For example, you will:

• Govern and administer funding to the social service sector;
• Develop a strategy and implementation plan on how to incentivise and support greater impact measurement and evaluation in the social service sector;
• Develop a strategy and implementation plan on how to incentivise and support more intentional and outcome-oriented technology adoption within the social service sector;
• Evaluate the latest philanthropic giving and social impact investing models and trends, and develop ways for the social service sector to better leverage such systems; and/or
• Develop and maintain strategic partnerships with other social service stakeholders to develop the social service sector.",Ministry Of Social And Family Development,Policy Formulation
165,"Assistant Director (Strategic Planning Branch), FCD/EN","You will join a dynamic team within the Enabling Division (EN) to drive and coordinate policies to support persons with disabilities across a wide range of areas, such as training, employment, care services, and accessibility.

Beyond formulating and reviewing policies, we work with stakeholders across the public, people and private sectors to co-create and co-implement the recommendations of the Enabling Master Plan which guides Singapore towards becoming a more caring and inclusive society.
 •	Relevant working experience in policy domain and leading a team is an advantage.
•	Excellent analytical and critical thinking skills.
•	Comfortable with looking at issues through a strategic and operational lens.
•	Interest in new topics, ability to synthesise ideas and considerations, tease out implications and develop recommendations for policy issues.
•	People-centric and able to build consensus with multiple stakeholders. 
•	Resourceful and work well independently and in leading a small team. 
•	Good written and verbal communication skills.  


You will be notified whether you have been shortlisted within 4 weeks from the closing date of this job posting. As an Assistant Director in the Strategic Planning Branch, you will supervise a team working closely with a range of partners, including other government agencies and partners from the private and people sectors, to co-develop medium- to long-term plans and solutions to enhance accessibility for persons with disabilities and build a more inclusive society, under the ambit of the Enabling Masterplan. 

The team is responsible for ensuring the implementation of the Enabling Masterplan, through developing strategies for implementation of specific focal areas, tracking and reporting Enabling Masterplan performance indicators, and collaborating with agencies and partners across different organisations on pilot projects to enhance accessibility for persons with disabilities (e.g. reviewing the future disability services landscape to support adults with disabilities). 

You will also work with partners to plan and carry out engagements with various stakeholders at different domestic and international platforms (e.g. SG Enable’s Disability Professionals’ Network; United Nations Convention on the Rights of Persons with Disabilities) to share the Enabling Masterplan strategy, raise disability awareness and encourage ground-up efforts to achieve the Enabling Masterplan vision. 

",Ministry Of Social And Family Development,Social and Community Development
166,"Assistant Manager/ Manager (ComCare Ops Policy), [SSP/OP]","Social Support Group (SSP) oversees the planning and delivery of social services for low-income and vulnerable groups. 

The ComCare Ops Policy unit within Operations Planning Division oversees the operations policies of ComCare financial assistance schemes. 
 What we are looking for:
•	Relevant working experience in developing operations policies.
•	Strong analytical skills, clarity and flexibility of thought.
•	Able to write and communicate clearly, with good interpersonal skills.
•	Able to work independently and be a good team player.

Functional Competencies:
•	Systems Thinking
•	Internal Stakeholder Alignment
•	Design for Implementation and Communication
 What you will be working on:
•	Development and review of operations policies to guide operations of financial assistance schemes in line with policy intent. 
•	Engagement of stakeholders to understand clients’ current and emerging needs for the development and review of operations policies.
•	Transformation of operations policies to achieve better social assistance delivery and outcomes for clients.
",Ministry Of Social And Family Development,Others
167,Manager (Residential and Children-in-Care Policy),"The Residential and Children-in-Care Policy Branch formulates and reviews housing and social support policies for rough sleepers, homeless individuals and families, children in statutory care, family violence survivors, low-income and vulnerable elderly, and destitute persons. Our goal is to ensure that these client groups receive client-centred care, rehabilitation and quality residential services, to maximise their safety, stability and social mobility. To achieve this, we undertake evidence-based research and community engagement and collaboration with stakeholders.

This Branch is part of a larger Division, the Rehabilitation, Protection and Residential Care (RPR) Division, which oversees the policies, strategies and programmes that address the needs and challenges of vulnerable populations, such as children and adults in need of care and protection, youth and adult offenders, family violence survivors, the vulnerable elderly and individuals at risk of homelessness.  • Strong analytical and problem-solving skills
• Communicates effectively, verbally and in writing
• At least two years of relevant work experience in policy formulation, data analytics, planning and inter-agency stakeholder/ sector engagement is an advantage
• Driven, resourceful and a team player 
• Able to lead projects independently and engage stakeholders at different levels
• Able to manage tight timelines and deliver outcomes in a fast-paced working environment.


The office location is at Jurong East. You will be notified whether you have been shortlisted within 4 weeks from the closing date of this job posting. Reporting to the Team Leader, you will be:

•	Shaping our medium to long-term policies and MSF’s shelter landscape: You will be an integral part of the team shaping the Ministry’s overall strategy to transform the landscape of MSF residential services for persons with housing needs (e.g. children and young persons in state care, rough sleepers, homeless individuals and families, low-income and vulnerable elderly, and destitute persons) with the goal of improving their social mobility, stability, and self-reliance. This will include analysing trends, engaging with community partners and ground agencies to understand these groups’ complex social and residential needs, finding synergies across client archetypes, planning and developing the next generation of MSF shelters for these vulnerable groups. 

•	Analyse large datasets and construct demand/supply models to guide the MSF residential masterplan: You will work with researchers to build dynamic demand projections models, to plan and develop our services for children and young persons in state care, rough sleepers, homeless individuals and families, low-income and vulnerable elderly, and destitute persons. You will also shape the service and funding models, programme KPIs, and conduct impact and outcome evaluation on our programmes.

•	Forge partnerships with stakeholders: You will consult closely with community partners (e.g. Social Service Agencies that operate our residential services), and speak to internal and external stakeholders, research teams, to identify policy opportunities and gaps, and co-create solutions. You will build partnerships with stakeholders, including community organisations and government agencies to facilitate policy formulation and communication for effective implementation. 

•	Review and develop legislation: You may have opportunities to review legislation that strengthens safeguards for vulnerable persons residing in social residential homes and better scope MSF’s powers for more targeted, effective assistance for persons who are destitute. 
As a Manager of the Rehabilitation, Protection and Residential Care Division, your role requires strategic thinking and strong analytical, research, and communication skills. You will contribute to the development of policies that enhance residential support, protection and rehabilitation for vulnerable groups in society.

If you are keen on policy development and seeking an exciting and rewarding opportunity to positively impact the lives of vulnerable individuals and families, this role could be the perfect fit for you!",Ministry Of Social And Family Development,Policy Formulation
168,"Senior Manager, ComCare and Centralised Schemes Operations Policy [SSP/OP]","Social Support Group (SSP) oversees the planning and delivery of social services for low-income and vulnerable groups. 

The ComCare Ops Policy unit within Operations Planning Division oversees the operations policies of ComCare financial assistance schemes. 
 Requirements:
•	Relevant working experience in developing operations policies.
•	Strong analytical skills, clarity and flexibility of thought.
•	Able to write and communicate clearly, with good interpersonal skills.
•	Able to work independently and be a good team player.

Functional Competencies:
•	Systems Thinking
•	Internal Stakeholder Alignment
•	Design for Implementation and Communication
 You will be working with the team on the following: 
•	Development and review of operations policies to guide operations of financial assistance schemes in line with policy intent. 
•	Engagement of stakeholders to understand clients’ current and emerging needs for the development and review of operations policies.
•	Transformation of operations policies to achieve better social assistance delivery and outcomes for clients.
",Ministry Of Social And Family Development,Others
169,"Software Engineer (DevOps), SIR/CCPO","We are seeking a talented and experienced DevOps Engineer to join our dynamic team. The ideal candidate will have a strong foundation in DevOps practices and a passion for automating software delivery processes. Candidates who have basic experience with Salesforce development would be a plus.

You will work within an agile development team the Ministry of Social and Family Development (MSF) to modernise and develop CaseCentral, a case management platform. •	Experience in DevOps roles, with exposure to SaaS, Enterprise, Government, or CRM systems
•	Familiarity with CI/CD tools and cloud platforms
•	Knowledge of database management systems i.e. PostgreSQL
•	Experience with basic backend development i.e. Python, Java
•	Experience with Salesforce development
•	Relevant DevOps certifications e.g. AWS Certified DevOps Engineer, related certifications from CompTIA, EC-Council, or Red Hat
•	Cloud certifications (e.g., AWS Certified Solutions Architect)
•	Salesforce certifications (e.g., Salesforce Certified Platform Developer, Salesforce Certified Administrator)
•	Experience with design systems and aligning designs across different tracks
•	Shows aptitude for coordinating multiple elements in large-scale agile projects
- Demonstrate exceptional interpersonal skills to coordinate across multiple teams, facilitate cross-functional collaboration, and maintain effective communication channels between development, operations, and stakeholder (technical and non-technical) groups
- Excel in orchestrating deployment schedules, resolving resource conflicts, and managing dependencies whilst ensuring minimal disruption to development workflows
- Possess strong analytical capabilities to identify, track and proactively address critical path dependencies in our delivery pipeline

•	Bring proven expertise in DevOps methodologies, automation practices, and cloud infrastructure management
•	Show proficiency in implementing robust monitoring systems and establishing clear operational metrics

Only shortlisted candidates will be notified within 4 weeks from the closing date of this position. 1. CI/CD and Automation:
•	Design, implement, and maintain robust CI/CD pipelines for SaaS-based (e.g. Salesforce) application development
•	Utilise and optimise CI/CD tools i.e. GitLab CI/CD to streamline software delivery.
•	Collaborate with test automation and engineering teams to streamline development and deployment practices

2. Infrastructure Management:
•	Manage and maintain cloud-based infrastructure i.e. AWS. Salesforce platform integration would be a bonus
•	Configure and optimise servers, databases, and networking components
•	Implement monitoring and alerting systems to detect and resolve issues.
•	Knowledge of cloud platforms (AWS) and containerization technologies (Docker, Kubernetes).

3. Security and Compliance:
•	Ensure security compliance for Salesforce-based applications throughout the development and deployment lifecycle
•	Implement appropriate security measures to protect data and prevent unauthorized access.

4. Backend Development:
•	Design, develop, and maintain scalable and efficient backend services using appropriate technologies i.e. Python, Java
•	Collaborate with engineers to define and implement APIs and data structures.
•	Optimize backend performance and ensure data integrity.
•	Integrate backend services with SaaS-based (e.g. Salesforce) applications using RESTful APIs or other communication protocols.
•	Ensure seamless data synchronization and user experience.",Ministry Of Social And Family Development,"InfoComm, Technology, New Media Communications"
170,"Software Engineer (Quality Assurance), SIR/CCPO","We are seeking a talented and experienced Quality Engineer with a passion for automating testing processes to join our dynamic team, focusing on testing Saas-based (e.g. Salesforce) applications for enterprise and government solutions. The ideal candidate will have a strong foundation in SaaS testing methodologies and experience with enterprise platforms and DevOps.

You will ensure the quality and reliability of government Saas-based (e.g. Salesforce) applications through comprehensive testing strategies and automation. You will be developing automated testing frameworks, conducting performance testing, and maintaining security compliance as well as integrating testing into CI/CD pipelines and collaborating with engineering teams to optimize test coverage and identify automation opportunities.

You will work within an agile development team at the Ministry of Social and Family Development (MSF) to modernise and develop CaseCentral, a case management platform.  •	A strong background in Computer Science, Computer Engineering, Information Systems Management, Information Technology, or related disciplines.
•	Minimum 3 years of experience in Saas-based (e.g. Salesforce) application testing.
•	Proven experience in test automation development and execution with SaaS, enterprise or government solutions.
•	Experience with DevOps principles and practices.
•	Experience with agile development methodologies and experience working in Agile teams.
•	Strong programming skills in languages i.e. Java, Python.
•	Hands-on experience with test automation frameworks i.e. Playwright, Katalon, Selenium, JUnit
•	Familiarity with CI/CD tools (i.e. GitLab CI/CD) and cloud platforms (AWS)
•	Understanding of CRM systems, preferably Salesforce platform architecture and solutions
•	Knowledge of performance testing tools (JMeter, Gatling).

Only shortlisted candidates will be notified within 4 weeks from the closing date of this position. 1.Test Automation:
•	Develop and maintain robust test automation frameworks (e.g. Playwright) for Saas-based (e.g. Salesforce) applications.
•	Create and execute automated test scripts for web-based SaaS (e.g. Salesforce) applications
•	Collaborate with engineering teams to optimise test coverage and identify automation opportunities
•	Analyse test results and provide detailed defect reports
•	Ensure test compatibility with Saas-based (e.g. Salesforce) platform updates

2. Quality Assurance:
•	Design and implement comprehensive test strategies for enterprise and government SaaS applications
•	Conduct end-to-end testing of Saas-based (e.g. Salesforce) integrations
•	Validate application functionality across different Salesforce environments
•	Ensure compliance with government and enterprise security standards

3. Performance Testing:
•	Conduct performance testing to identify and address bottlenecks for Salesforce-based SaaS applications
•	Analyse performance metrics and provide optimization recommendations
•	Test application behaviour under various load conditions
•	Monitor and report on application performance in enterprise environments

4. DevOps Integration:
•	Integrate test automation into CI/CD pipelines
•	Implement continuous testing practices
•	Implement continuous testing practices to ensure timely feedback and improve product quality.
•	Contribute to the development and maintenance of infrastructure as code (IaC) solutions.

5. Test Planning and Execution:
•	Participate in test planning and estimation activities (includes security testing e.g. penetration testing, vulnerability assessments, compliance verification)
•	Execute manual tests as needed to supplement automated testing.
•	Collaborate with development team members to ensure effective test coverage across functional and security requirements",Ministry Of Social And Family Development,"InfoComm, Technology, New Media Communications"
171,Manager/Senior Manager (Special Projects),"Description of Group - Family Life Group (FLG):
We want families to realize their hopes and aspirations. We want families to remain resilient when faced with challenges and bounce back higher after adversity. We want strong families as the building blocks of a caring community, where families readily help other families. 

Description of Division - Family Support Division (FSP):
We focus on providing a continuum of support for mainstream and early-risk families in the areas of marriage, divorce and family counselling support. 

Brief description of Job Scope:
This role offers an excellent opportunity to gain experience in digital transformation while contributing to the enhancement of family support services in Singapore.

As part of the Special Projects team at FSP, you will support the development and implementation of the digital services roadmap for family support services in Singapore. You will familiarise with digitisation initiatives across government agencies, social service agencies (SSAs), and other relevant agencies, so as to propose synergies for collaboration, and shape practice and regulatory standards in the delivery of digital support services. You will also engage partners from SSAs and the private sector, as well as service users, to test new digital solutions in supporting stressed families. On a day-to-day basis, you will facilitate the progress of various workstreams in the roadmap, review digitisation projects, and work with multiple stakeholders to ensure a smooth digitalisation journey. • Strong interpersonal skills with the ability to work effectively with diverse stakeholders  
• Good problem solving and system thinking skills
• Strong project coordination and organisational skills 
• Excellent verbal and written communication skills
• Team player who is willing to commit to a fast paced albeit fulfilling work 
• Keen interest in technology and digital transformation
• Familiarity with the social service sector in Singapore would be an advantage • Support the development of a digital services roadmap for family support services
• Coordinate with relevant government agencies and SSAs to understand their digitalisation needs and align implementation plans 
• Involve MSF officers and partners to co-manage various workstreams, and facilitate smooth progress of the workstreams
• Engage stakeholders and service users to gather feedback, identify challenges, and co-create solutions in their digitalisation journey 
• Monitor and track multiple workstreams and provide timely updates to key stakeholders 
• Support evaluation of digitisation projects, including assessing the effectiveness on clients’ outcomes and process efficiency 
• Assist in preparing resource proposals and documentation to support digital initiatives
• Compile and prepare regular progress updates to MSF senior management
• Provide secretariat support for meetings with internal and external stakeholders ",Ministry Of Social And Family Development,Social and Community Development
172,"Manager/Senior Manager (Grant Transformation), ECDA/SF","The Early Childhood Development Agency (ECDA) is the regulatory and developmental agency for the early childhood sector in Singapore and oversees key aspects of children’s development below the age of seven across both kindergartens and childcare centres.
We are looking for a self-driven individual to be part of the Sector Funding Division (SF). The successful candidate will be involved in assisting ECDA to transform end-to-end grants process for grants to preschools/ organisations through:
a)	harmonising and simplifying systems that focus on functions of key grant sub-processes from pre-grant set-up, grant application, grant case management, grant computation, disbursement assessment and approval and payment to KPI reporting;
b)	achieving synergies across modular systems to digitalise / automate grant processing; and
c)	achieving agility and faster go-to-market timing through a modular systems approach.  •	Relevant work experience preferably in Business Intelligence, Information Systems, Information and Communications Technology (ICT) or related fields
•	Experience in project management for systems or application change. 
•	Comfortable in translating and connecting business needs with IT system or application specifications and development
•	Experience in information or data management. Skills in data handling is an advantage e.g. experience in usage of data extraction tools, proficiency in MS Excel and analytics software
•	Knowledge in grant administration will be added advantage
•	Proactive, dynamic and always looking to learn new things
•	Strong analytical skills
•	People-centric and able to build consensus with multiple stakeholders
•	Resourceful
 As a member of the Sector Funding Branch, you will play a role in the following areas: 
•	Participate in activities such as requirements gathering, user acceptance testing, training and implementation for grant administration system
•	Work with grant owners to harmonise and codify grant computation rules for grants to preschools/ organisations 
•	Harmonise grant processes for onboarding onto systems supporting each grant admin sub-processes
•	Oversee the flow of information and linkages across systems to facilitate automation of grant processing",Ministry Of Social And Family Development,Social and Community Development
173,Senior Research Scientist/Research Scientist (Climate Projections and Extremes),"</strong></p>The Centre for Climate Research Singapore (CCRS) is a division of the Meteorological Service Singapore (MSS). At CCRS, our mission is to advance scientific understanding of tropical climate variability and change and its associated weather systems affecting Singapore and the wider Southeast Asia region, so that the knowledge and expertise can benefit decision makers and the community. Our vision is to be a world leading centre in tropical climate and weather research focusing on the Southeast Asia region.<br><br>CCRS is offering an exciting job opportunity for a scientist with a strong background in AI/ML and its application to climate, as well as good knowledge of climate variability and change in the tropics with focus on Southeast Asia. As part of the Department of Climate Research (DCR), the Climate Projections and Extremes Branch (CPEB) focuses on climate processes relevant to Singapore and the Southeast Asian region and developing next generation high resolution regional climate change projections for its stakeholders.<br><br>A core component of the work is the application of AI/ML methods for climate and climate change time scales, especially as part of the new AI-based production of high-resolution regional climate change projections.<br><br>We are therefore seeking an experienced scientist with a strong background in the application of AI/ML in climate science as well as an understanding of climate variability and change (especially for tropical regions such as Southeast Asia).<p></p><p><strong> </strong></p><p>The job might be for you if you possess the following:</p><p></p><ul><li>PhD/MSc degree in computer science, physical sciences and research experience in application of AI in climate, atmospheric/oceanic science, or meteorology</li><li>High proficiency in scientific computing, especially PYTHON, with experience applying AI/ML libraries</li><li>Experience working on HPC systems (linux, bash, CDO, etc)</li><li>Experience in publishing articles in peer-reviewed journals</li><li>Versatile and creative verbal and written communication skills, able to communicate detailed technical/ scientific information into easily understood, engaging, influential and informative article/programme to a broad audience</li><li>Ability to work effectively to deadlines on individual projects and as part of a diverse team.</li><li>Interest and passion to deliver relevant R&amp;D for societal benefits.</li><li>Ability to network effectively with the local and international research community.</li><li>Ability to engage and communicate with scientists and stakeholders from diverse communities.</li></ul><p></p><p>Please send in samples of past work, clearly stating the areas of your involvement.</p><p></p><p>As part of the shortlisting process for this role, you may be required to complete a medical declaration and/or undergo further assessment.</p> </strong></p><p>The job scope will include but not limited to the following:</p><ul><li>Implement AI/ML methods on our HPC system; train the AI/ML models and test their capabilities</li><li>Benchmarking of climate and downscaling AI/ML models for use in climate projections</li><li>Contribute to the analysis of climate simulations using both standard as well as ML methods</li><li>Contribute to research on climate variability and change (including tropical processes) as guided by the BH and HOD</li><li>Contribute to CPE Branch strategic planning through contributions to annual work plans, end of year reports, regular meetings with BH CPE Branch and other relevant staff.</li><li>Contribute to support, nurture and developing of other scientists in the CPE Branch, regarding AI/ML applications.</li><li>Contribute to effective stakeholder engagement</li></ul><p></p><p><strong>",National Environment Agency,"Sciences (e.g. life sciences, bio-technology etc.)"
174,Executive/ Scientific Officer (Non-Ionising Radiation Control Department),"</strong></p>The Radiation Protection and Nuclear Science Group (RPNSG) in National Environment Agency serves as Singapore’s national authority for radiation protection, safeguarding the public, radiation workers and the environment from the harmful effects of radiation. As a Scientific Officer of the Non-Ionising Radiation Control Department in RPNSG, you will play a key role in ensuring compliance with radiation protection standards and enhancing public safety across Singapore.<p></p><p><strong> </strong></p><p>The job might be for you if you possess the following:</p><p></p><ul><li>Degree in Science (Physics) or equivalent</li><li>Good communication and interpersonal skills</li><li>Good analytical, writing and presentation skills</li><li>Able to work in a team and independently with minimal supervision</li><li>Able to work efficiently and meet tight deadlines</li><li>Able to adapt to changes and has a positive work attitude</li><li>Highly motivated, meticulous, committed and takes initiative</li></ul><p></p><p></p><p>As part of the shortlisting process for this role, you may be required to complete a medical declaration and/or undergo further assessment.</p> </strong></p><p>The job scope will include but not limited to the following:</p><p></p><p><strong>Regulatory Enforcement and Development:</strong></p><ul><li>Enforce the Radiation Protection Act and its Regulations, ensuring that all radiation users comply with regulatory requirements</li></ul><ul><li>Conduct comprehensive inspections and enforcement activities for non-ionising irradiating apparatus</li><li>Monitor compliance and take appropriate regulatory action when necessary</li><li>Review and enhance regulatory regime to ensure it remains current and effective</li><li>Contribute to regulatory development and improvements</li><li>Stay abreast of international best practices and emerging technologies</li></ul><p></p><p><strong>Public Education and Awareness:</strong></p><ul><li>Develop and implement programmes to enhance awareness of regulatory requirements for controlled non-ionising irradiating apparatus</li><li>Engage with industry stakeholders and public on radiation safety matters</li><li>Provide technical guidance and support to radiation users</li></ul><p></p><p><strong>",National Environment Agency,"Sciences (e.g. life sciences, bio-technology etc.)"
175,Assistant Director (Operations and System Planning Branch),"</strong></p>You will be part of the Memorial Facilities Planning Division, which oversees the planning of after-death facilities and services in Singapore. You will contribute to operations planning efforts to ensure that the Government after-death facilities are efficiently managed and operated. The team undertakes end-to-end project management, from conceptualisation and research to procurement, securing and monitoring of budget, implementation and continuous improvement of services<p></p><p><strong> </strong></p><p>Requirements:</p><ul><li>5 years of experience in planning, procurement or policy work.</li><li>Familiarity with budget management, government procurement guidelines and processes would be an advantage.</li><li>Excellent written and verbal communication skills.</li><li>Strong analytical, conceptualisation and problem-solving skills.</li><li>Comfortable to work in a fast-paced environment that would require the ability to manage multiple priorities and stakeholders at the same time.</li><li>Ability to deal with complexity and ambiguity.</li><li>Self-driven and always ready to strive for improvement.</li><li>Good interpersonal skills and enjoy working with both internal and external stakeholders.</li></ul> </strong></p><p>You and your team will be responsible for the following:</p><ul><li>Lead a team in formulating policies, operational strategies and plans to enhance after-death facilities and services.</li><li>Oversee projects and initiatives to improve service delivery and operational readiness, including conceptualising new ideas, developing project scopes, conducting market research, and engaging the industry to understand the supplier landscape.</li><li>Plan and manage end-to-end procurement activities, including the drafting of requirements and tender documents, calling, evaluation and award of tenders and quotations, while ensuring compliance with Government Procurement guidelines.</li><li>Plan and coordinate emergency response efforts for after-death operations, including conducting readiness exercises and ensuring operational preparedness.</li><li>Oversee budget planning, tracking and utilisation, and conduct variance analyses to ensure expenditure aligns with approved allocation.</li><li>Manage land and building assets, including evaluation and assessment of temporary occupation licences and records management in accordance with guidelines</li></ul><p></p><p><strong>",National Environment Agency,Others
176,Senior Assistant Director (Vector Control Policy Branch),"</strong></p>In the Vector Control Policy Branch (VCPB), you will lead a team to draw up and enhance vector control policies across dengue control, rat control, pest management, fumigation, and regulatory schemes.<br><br>We are looking for a leader with excellent strategic-thinking and analytical skills who can assess and frame complex issues clearly, embrace innovative approaches, engage and communicate effectively, with the perseverance to push boundaries whilst developing a high-performing team.<p></p><p><strong> </strong></p><p><span>The ideal candidate would possess the following qualities:</span></p><ul><li>Relevant experience in policy formulation and stakeholder engagement</li><li>Strong project management and leadership capabilities with proven ability to manage section leads across diverse policy portfolios</li><li>Strong analytical and strategic thinking skills with openness to innovative approaches and perseverance to drive continuous improvement</li><li>Proficient in Microsoft Office applications</li></ul><p></p><p>As part of the shortlisting process for this role, you are required to complete a medical declaration and/or undergo further assessment.</p> </strong></p><ul><li>Lead and manage a team providing supervision, performance management, and capability development</li><li>Manage timelines and deliverables across vector control policy initiatives, tracking dependencies and adherence to deadline</li><li>Lead policy development for priority areas including dengue control, rat control, pest management, fumigation, pesticides registration and Environmental Control Officer (ECO) for Specified Construction Sites (SCS) scheme</li><li>Drive reviews of operational policies and procedures to support NEA&#39;s strategic objectives and keep policies up to date</li><li>Coordinate funding papers and review of manpower needs for NEA’s vector control operations</li><li>Coordinate stakeholder engagement with government agencies, industry, and community groups</li><li>Coordinate legislative review processes and prepare inputs for Act amendments</li><li>Handle complex policy queries and appeals</li><li>Other adhoc duties</li></ul><p></p><p><strong>",National Environment Agency,Others
177,Senior Scientist (Dangerous Pathogens Branch),"</strong></p>You will work in Environmental Health Institute, and be a member in the Dangerous Pathogens Branch.<br><br>We are seeking an experienced, self-driven and committed Research Scientist to lead and oversee the strategic development of research on environmental risk factors of pathogens found in the environment and to develop relevant preparedness programmes. <br><br>Pathogens evolve and can cause outbreaks, as played out by the current COVID-19 pandemic. A key challenge in public health management is to be proactive in disease surveillance and detection, and to keep up to speed with evolving pathogens.<p></p><p><strong> </strong></p><p>Job Requirements:</p><ul><li>Relevant post-graduate degree in microbiology, environmental microbiology or related discipline, with at least an additional 5 years of experience in research</li><li>Experience in leading and managing projects</li><li>Experience in core areas relevant to dangerous pathogens research, in particular, biosafety, molecular microbiology and environmental microbiology.</li><li>Work experience in a high containment (Biosafety Level 3) facility and in environmental sampling is preferred</li><li>Good knowledge of clinical research and statistics</li><li>Have good knowledge from multiple disciplines including toxicology, indoor air quality and stakeholder (e.g. industry) management</li><li>Capacity for system thinking and inclination for trans-disciplinary science</li><li>Strong interest and strategic thinking in operational research for public health</li><li>Ability to work independently in a fast paced environment</li><li>Good leadership and interpersonal skills</li><li>Excellent written and verbal communication skills</li></ul><p></p><p></p> </strong></p><p><span>You will be working </span><span>in a multi-disciplinary environment, where your research is translated into evidence-based public health programmes and policies. You will be expected to lead a dynamic team that works closely with a network of local and international collaborators to shape the field-to-laboratory preparedness and response programme for biological agents.  You will be involved in leading various activities including, but not limited to, experimental design, work process enhancement, sample preparation and assay development, and its necessary procurement efforts. You are also expected to publish findings in scientific journals, and present at major scientific meetings. The role will provide you with excellent opportunities to demonstrate your leadership and interpersonal skills.</span></p><p></p><p></p><p><strong>",National Environment Agency,"Sciences (e.g. life sciences, bio-technology etc.)"
178,Executive Manager/Assistant Director (Centre for Capability and Knowledge),"</strong></p>You will join a dynamic team with the Singapore Environment Institute. In this role, you will spearhead strategic learning and development initiatives, whilst managing critical operational functions including data management, budget oversight and policy execution.<p></p><p><strong> </strong></p><p><strong>The job may be for you if:</strong></p><ul><li>At least 5 years of relevant work experience</li><li>A fast learner and self-starter, with a “can do” attitude</li><li>Adaptable and motivated to continue to learn</li><li>Like working with people and data, with a keen interest in environmental sustainability</li><li>Have good story-telling skills to convey complex concepts and insights across to target audience in simple, engaging narrative and presentation</li><li>Have working experience in stakeholder engagement and management, event management, marketing communications and/or partnerships</li><li>Relevant experience in Learning and Development, Human Resources or Information Management would be advantageous</li></ul><p></p><p>As part of the shortlisting process for this role, you may be required to complete a medical declaration and/or undergo further assessment</p> </strong></p><p>This role requires a performance focused individual who can balance strategic planning with operational excellence to drive organisational competency-building and performance.</p><p></p><p>You will develop and implement comprehensive learning policies aligned with organisational objectives, conducting regular reviews and facilitating stakeholder engagement to ensure smooth adoption of new procedures. Working across departments, you will plan organisational competency frameworks that advance NEA&#39;s strategic priorities, identifying skill gaps and coordinating appropriate development interventions.</p><p></p><p>Your role includes establishing data management frameworks, maintaining databases and visualisation dashboards, and conducting analysis to present key performance indicators to leadership. You will manage the annual training budget, forecast requirements across multiple programmes, monitor expenditure, and prepare financial reports whilst directing learning technology system development. You will also facilitate performance indicators for learning initiatives, develop measurement frameworks, and conduct regular performance reviews to ensure continuous improvement and accountability.</p><p></p><p><strong>",National Environment Agency,Others
179,Executive/Snr Executive (Joint Ops Log Dept - Integrated Logistics Hub Br),"</strong></p>[What the role is]<br>The Joint Operations Logistics Department (JOLD) consists of two branches; Integrated Logistics Hub Branch and Emergency Planning Branch. As an Executive/Senior Executive, you will be involved in planning and execution of logistical supports, including but not limited to management of ops supplies across NEA departments/divisions as well as warehouse(s) in both peace time and crisis/emergency/pandemic.<p></p><p><strong> </p><p></p><p>The job might be for you if you possess the following qualities:</p><ul><li><p>At least 2 to 5 years of warehousing &amp; logistics related work experience</p></li><li><p>Candidates with professional certification in Logistics and Warehouse Management (e.g. CPIM, CPL, CILT, CSCMP, ISM-CPSM, SCOR-P) will have advantage</p></li><li><p>Candidates with experience in operating Enterprise Resource Planning (ERP) systems (e.g. SAP), or Warehouse Management Systems will have advantage</p></li><li><p>Candidates with procurement-related knowledge will have advantage</p></li><li><p>Demonstrate ability to collaborate with others and seek consensus for the benefit of the organisation</p></li><li><p>Proficient in MS office systems, i.e. usage of Word, Excel, Outlook and PowerPoint</p></li><li><p>As part of the shortlisting process for this role, you may be required to complete a medical declaration and/or undergo further assessment</p></li></ul><p></p><p>Applicants will be updated on the status of their applications within 4 weeks of the closing date of this job posting.</p><p></p><p><strong>[What we are looking for]</strong></p> </strong></p><p>[What you will be working on]</p><p></p><p>You will be responsible for the following:</p><ul><li><p>Assist in the management of outsourced Integrated Logistics Hub and internal Emergency Warehouse, and ensure that all inventory (and its movements) are accounted for</p></li><li><p>Assist to review plans to ensure sufficiency of ops supplies (Inventory management)</p></li><li><p>Assist to review plan(s) and workflow(s) for ‘right-the-first-time’ provision of ops supplies to end-users (Supplies management and last-mile delivery)</p></li><li><p>Assist to monitor plan(s) for consumption of ops supplies (Forecasting)</p></li><li><p>Assist to analyse and review financial impact of any proposed logistics changes or procurement modalities in relation to the items stored at the warehouses (Financial prudency)</p></li><li><p>Work with relevant departments/divisions on repurposing ops supplies where applicable (Reverse logistics)</p></li><li><p>Collaborate with Emergency Planning Branch (EPB) to review and document relevant procedures in relation to items stored at warehouse(s)</p></li><li><p>Coordinate with other departments/divisions through EPB on logistical support for emergency/crisis/pandemic works</p></li><li><p>Assist in the procurement and purchasing of items in relation to JOLD works</p></li></ul><p></p><p>",National Environment Agency,Others
180,Executive/Assistant Executive (Mandai Crematorium),"</strong></p>We are looking for resourceful and service-oriented individuals to join the Mandai Operations Department which oversees the operation and maintenance of Government cemeteries, crematoria and columbaria. You will be stationed at a crematorium at Mandai and play a key role in providing after-death care services. This role requires someone who can maintain professionalism and dignity while performing technical duties in an emotionally challenging environment. The ability to balance operational efficiency with sensitivity to grieving families is essential.<p></p><p><strong> </strong></p><p>Job Requirements:</p><ul><li><span>Relevant technical experience in mechanical/electrical engineering or equivalent</span></li><li>Understand cremation equipment operation and maintenance procedures, including safety protocols and environmental compliance requirements</li><li>Proficient in record-keeping systems and basic computer applications for maintaining accurate documentation</li><li>Strong emotional resilience and ability to maintain professional composure while working in an environment dealing with death and grieving families</li><li>Attention to detail and commitment to maintain high standards of accuracy in all procedures</li><li>Strong interpersonal skills for interacting with bereaved families and funeral service professionals with sensitivity and empathy</li><li>Able to work independently and maintain focus while performing duties that require attention and respect</li><li>Able to work on rotating shifts including weekends and public holidays</li><li>Physical requirements include standing for extended periods and occasional lifting</li><li>Work environment involves exposure to high-temperature equipment and requires adherence to safety protocols</li><li>Must be comfortable working in an environment dealing with remains of deceased persons and grieving families</li></ul><p></p><p>Applicants will be updated on the status of their applications within 4 weeks of the closing date of this job posting.</p> </strong></p><p>Your job responsibilities include:</p><ul><li>Receive and verify necessary documents and authorisations before proceeding with cremation and ash collection processes</li><li>Operate all cremation related equipment according to strict safety protocols and internal procedures, including cremators, mechanised trolleys, and insertion machines</li><li>Handle human remains with utmost respect and care throughout the cremation process, following established protocols for identification and tracking</li><li>Ensure all cremation and ash collection records are updated promptly and maintained in accordance with legal requirements and internal procedures</li><li>Manage feedback from funeral services providers and next-of-kin.</li><li>Coordinate with funeral directors and families to ensure smooth and efficient running of the crematorium operations</li><li>Respond promptly to equipment faults and coordinate with relevant parties for rectification.</li><li>Maintain the crematorium facilities in a clean, respectful, and dignified condition</li><li>Perform other duties as assigned by supervisor</li></ul><p></p><p></p><p><strong>",National Environment Agency,Administration Support
181,Executive/Assistant Executive (Application Service Ops Section),"</strong></p>We are looking for a service-oriented individual to join the Mandai Operations Department which oversees the operation and maintenance of Government cemeteries, crematoria and columbaria.  You will be stationed at either Mandai Crematorium &amp; Columbarium or Choa Chu Kang Cemetery Complex and will play a key role in providing after-death care service.<p></p><p><strong> </strong></p><p>Job Requirements:</p><ul><li>Experience in Frontline E-services preferred</li><li>Prior working experience in customer service would be an advantage</li><li>Good Knowledge of Microsoft Office Applications</li><li>Willing to work in after-death care service environment</li><li>Mature, independent, responsible and resourceful</li><li>Tactful, approachable and patient</li><li>Meticulous and ability to multi-task</li><li>Ability to interact and foster teamwork</li><li>Communicate in a friendly manner and enjoy working with others </li><li>Good organisational and administrative skills</li><li>Willing to take initiatives</li><li>Willing to work on weekends and public holidays</li></ul><p></p><p>Applicants will be updated on the status of their applications within 4 weeks of the closing date of this job posting.</p> </strong></p><p>Your job responsibilities include:</p><ul><li>Attend to customers on applications for services provided at the Mandai Crematorium &amp; Columbarium or Choa Chu Kang Cemetery</li><li>Attend to public enquiries/requests made via telephone or email or in person</li><li>Review and process applications submitted by the applicant</li><li>Perform daily revenue collection checks and compile revenue reports</li><li>Perform administrative duties e.g., data entry, filing and sorting of documents</li><li>Carry out data analysis of cases received and processed when necessary</li><li>Perform other duties assigned by supervisor</li></ul><p></p><p></p><p><strong>",National Environment Agency,Administration Support
182,Senior Research Officer / Research Officer (Urban Entomology Section) - Contract,"</strong></p>You will work in Environmental Health Institute (EHI) and be a member of the Vector Biology &amp; Control Division.<br><br>We are looking for a self-driven and committed individual to augment our research and surveillance programmes at the Environmental Health Institute (EHI). If you enjoy working in a fast-paced, multi-disciplinary environment where your work outcomes are translated into evidence-based public health programmes and policies, we invite you to join us. You will be part of a dynamic team that works closely with a network of local and international collaborators to impact our public health landscape.<p></p><p><strong> </strong></p><ul><li>Degree in Life Sciences or related disciplines</li><li>Able to work independently and in a team</li><li>Able to systematically perform routine workflow with an eye for detail</li><li>Good interpersonal and communication skills</li><li>Good knowledge in Microsoft Office</li><li>Physically fit and possess the physical endurance for the challenges of field work</li><li>Valid Class 3 driver&#39;s licence (vehicle provided)</li></ul> </strong></p><p>The successful candidate will work in EHI and be part of a multi-disciplinary team that will focus on urban arthropod vector species in Singapore. You will have the chance to work with various inter-disciplinary teams. You will be involved in a myriad of entomology activities including, but not limited to: mosquito identification, sample processing, data entry, casual staff management, preparation and maintenance of logistics, vector surveillance and field studies.</p><p></p><p><strong>",National Environment Agency,"Sciences (e.g. life sciences, bio-technology etc.)"
183,Executive Engineer/Senior Engineer (Environment Technology Management Dept),"</strong></p>You will be part of a dynamic team responsible for planning, managing and coordinating research and development (R&amp;D) projects as well as technology innovation and exploitation initiatives to enhance NEA’s operational effectiveness and build new capabilities to meet Singapore’s environmental challenges. You will also collaborate with both internal and external stakeholders to operationalise and commercialise research outcomes from NEA’s various R&amp;D investments. This role will provide opportunities for you to engage, establish strong linkages and form effective partnerships with the academia, industry, and other government agencies.<p></p><p><strong> </strong></p><ul><li><p>Degree in Engineering preferably Electrical and Electronics, Mechanical or Environmental Engineering, with relevant work experience in environmental and technology management-related areas.</p></li><li><p>Good sense of ownership and responsibility with a strong drive for achieving results</p></li><li><p>Strong analytical, writing and consensus-building skills with the confidence to plan, organise, engage independently</p></li></ul><p></p><p>As part of the shortlisting process for this role, you may be required to complete a medical declaration and/or undergo further assessment.</p> </strong></p><p>Your responsibilities include, but are not limited to the following:</p><ul><li><p>Develop and manage R&amp;D projects and technology innovation projects in partnership with end user departments, institutes of higher learning, research institutions, industry partners and other stakeholders</p></li><li><p>Facilitate the operationalisation and commercialisation of NEA&#39;s R&amp;D outcomes and profile them through suitable platforms</p></li><li><p>Undertake technology scans and analysis of emerging technologies relevant to NEA’s operations</p></li><li><p>Develop and implement policies and initiatives that strengthen technology management practices, such as but not limited to Intellectual Property management and open innovation practices</p></li></ul><p></p><p></p><p><strong>",National Environment Agency,Engineering
184,Executive Manager (Capability and Programming Branch),"</strong></p>You will be part of the Capability &amp; Programming Branch (CPB) in Planning Capability Development Department (PCDD), which supports NEA’s role as the lead agency in planning and ensuring adequate supply of after-death facilities and services, including burial, cremation, columbarium, and ash scattering services. You will have the opportunity to actively engage industry stakeholders, religion organisations, Non-governmental Organisations (NGOs), Volunteer Welfare Organisations (VWOs) and work with internal and overseas stakeholders and various government agencies to strategise, plan and implement new and various initiatives to raise standards for the funeral services in Singapore.<p></p><p><strong> </strong></p><p>Requirements:</p><ul><li>5 years of relevant working experience in the areas of tender procurement work and tenancy management/ operations</li><li>Proficient in Microsoft Office Excel, e.g. toggling excel, functions, prepare creative presentations</li><li>Keen to take initiative and carry out plans</li><li>Communicate in a friendly manner and enjoy working with others</li><li>Enjoy thinking strategically, planning and applying analytical reasoning</li><li>Pay attention to the finer details</li><li>Organised and able to multi-task</li><li>Outgoing and pleasant personality</li><li>Mature, independent and resourceful</li><li>Self-driven and always ready to strive for improvement</li></ul> </strong></p><p>You and your team will be responsible for the following:</p><p></p><p><strong>Facility Management &amp; Operations</strong></p><ul><li>Study, formulate, and review management models for new after-death facilities and services to meet NEA&#39;s policy objectives whilst achieving sustainability and operational viability</li><li>Establish and review key performance indicators and requirements for performance management of operators</li><li>Oversee the day-to-day operations and maintenance standards of the Mount Vernon Funeral Parlour Complex</li></ul><p></p><p><strong>Procurement &amp; Contract Management</strong></p><ul><li>Plan, conduct, and evaluate Invitation to Quote (ITQ) and tenders for consultancy services and operators</li><li>Prepare and administer tenancy agreements and oversee business development activities</li><li>Manage contractor relationships and ensure compliance with service level agreements</li></ul><p></p><p><strong>Policy Development &amp; Stakeholder Engagement</strong></p><ul><li>Conduct process reviews and formulate guidelines with stakeholders to enhance standards and service delivery of funeral services providers and outsourced operators</li><li>Engage and collaborate with public sector agencies and private organisations, including religious organisations, associations, and institutions to develop joint solutions for after-death facilities and services</li><li>Build and maintain relationships with industry stakeholders to support policy implementation</li></ul><p></p><p><strong>",National Environment Agency,Others
185,Assistant Manager/Manager (Mandai Crematorium and Columbarium),"</strong></p>We are looking for a resourceful and service-oriented individual to join the Mandai Operations Department which oversees the operation and maintenance of Government cemeteries, crematoria and columbaria. You will be stationed at a crematorium at Mandai and will play a key role in providing after-death care services.<p></p><p><strong> </strong></p><p>Job Requirements:</p><ul><li>At least 3 years of relevant experience in the maintenance and management of building services &amp; equipment</li><li>Able to lead, interact and foster teamwork</li><li>Able to handle adverse situations and difficult customers</li><li>Good problem-solving, writing &amp; communication skills</li><li>Proficient in Microsoft Office Applications</li><li>Mature, independent, responsible and resourceful</li><li>Willing to work in after-life care service environment</li><li>Able and willing to work on weekends and public holidays</li></ul><p></p><p>Applicants will be updated on the status of their applications within 4 weeks of the closing date of this job posting.</p> </strong></p><p>Your job responsibilities include:</p><ul><li>Liaise with the existing construction and consultant team to oversee the progress of the construction works and upon building completion to take over the M&amp;E and building related structures in the various construction phases</li><li>Plan for and carry out procurement of office equipment, furniture and related assets</li><li>Plan and manage the maintenance programme of the Automatic Guided Vehicles, Cremators and Process Control Management System</li><li>Manage the daily operations and maintenance of the building facilities and M&amp;E systems of the complex</li><li>Manage the daily conservancy and landscaping work of the complex</li><li>Plan and execute work improvement projects such as periodic / cyclical Repair &amp; Redecoration work, structural maintenance and related work</li><li>Perform shift duties, as and when required, to lead a team of technical staff and operators in the safe and efficient operation of the crematorium equipment (e.g. Automatic Guided Vehicles and Cremators) as well as frontline troubleshooting and rectification of equipment faults</li><li>Handle and manage feedback</li><li>Perform other duties assigned by supervisor</li></ul><p></p><p><strong>",National Environment Agency,Building and Estate Management
186,Asst Engineering Manager (Landfill Management and Operations Dept) - Contract,"</strong></p>Landfill Management and Operations Department (LMOD) oversees Semakau Landfill which is Singapore’s only landfill for waste disposal.<p></p><p><strong> </strong></p><ul><li><p>At least a diploma in any engineering discipline as recognised by the Professional Engineer Board.</p></li><li><p>At least 3 years of working experience in construction, waste management or facility management industry.</p></li><li><p>Candidate with procurement experience and contract management experience is preferred.</p></li><li><p>Possess good interpersonal and communication skills</p></li><li><p>Good analytical and problem-solving skills</p></li><li><p>Able to work independently with minimal supervision</p></li><li><p>Able to work in harsh environment/conditions</p></li><li><p>Willing and able to be deployed at both locations (TMTS and SL)</p></li><li><p>As part of the shortlisting process for this role, you may be required to complete a medical declaration and/or undergo further assessment.</p></li></ul> </strong></p><p>The job description of an AEM at Semakau Landfill (SL) and Tuas Marine Transfer Station (TMTS) are as follows:</p><ul><li><p>To assist the engineer in overseeing and ensuring safe waste receiving operations at TMTS &amp; SL slipway</p></li><li><p>To coordinate operational and safety matters with TMTS/SL stakeholders to ensure operations at TMTS/SL such as landfill, O&amp;M of M&amp;E equipment, O&amp;M of tugs &amp; barges (T&amp;B) are conducted according to plan.</p></li><li><p>To supervise contractors in carrying out the work/services on site. Ensuring that all work is carried out safely and do not disrupt operations.  Attend to any maintenance or repair works to ensure that it is completed within the set timeline. 4. To assist engineer in the review of the traffic management plans within TMTS/SL.</p></li><li><p>To prepare and call quotations for buildings and the facility’s infrastructure   maintenance. Successful candidates will also need to review and ensure sufficient supply of spare parts for landfill equipment. </p></li><li><p>To perform any other works, duties and responsibilities as assigned by supervisors.</p></li></ul><p></p><p><strong>",National Environment Agency,Engineering
187,Assistant Manager/Manager (Exhumation and Cremation Management Section),"</strong></p>You will be working in the Memorial Services and Operations Division within the Public Health Services and Capabilities Group and assist the section to provide after-death care services at government cemetery and crematorium office.<p></p><p><strong> </strong></p><p>Requirements:</p><ul><li>Experience in managing a team</li><li>Have good problem-solving, writing &amp; communication skills, and be mature, independent, responsible, and resourceful.</li><li>A good team player with excellent communication, interpersonal and investigation skills.</li><li>Have physical stamina to carry out field work every day, and to withstand exposure to weather conditions.</li><li>Able and willing to work after office hours, on weekends and public holidays, and to work in after-death environment.</li><li>Organised and able to multi-task</li><li>Possess a Class 3 driving licence will be an advantage</li></ul><p></p><p>Applicants will be updated on the status of their applications within 4 weeks of the closing date of this job posting.</p> </strong></p><p>You will be responsible for the following:</p><ul><li>Lead a team to oversee the application processing, carry out site preparatory works, such as ground survey, verify documents, plot layout plan and clean up burial records of the affected graves prior to physical exhumation</li><li>Assist to schedule and keep track in exhumation-related operation involving claimants</li><li>Manage registered exhumation and niche contractors and other parties involved in exhumation related projects</li><li>Attend to public feedback and enquiries, including handling difficult customers and putting up recommendations to challenging cases</li><li>Track and monitor ground situations, including statistics collation and reports preparation</li><li>Perform other duties assigned by supervisor, and other operational work (Qing Ming operations, 7th month and other festivals operations, etc.) at the CCK Cemetery complex</li></ul><p></p><p><strong>",National Environment Agency,Building and Estate Management
188,Senior Engineer (Building Development Department) - Contract,"</strong></p>The Building Development Department (BDD) oversees the development, re-development and refurbishment of infrastructure owned by the Ministry of Sustainability and the Environment (MSE) and National Environment Agency (NEA), including hawker centres and after-death facilities. As a Senior Engineer (BDD), you will be part of this team to develop these facilities.<p></p><p><strong> </strong></p><ul><li><p>Degree in Engineering/Architecture/Building/Project management with at least 5 years of relevant working experience in consultancy / building industry.  Preferably experience in leading multi-disciplinary project teams or equivalent.</p></li><li><p>Ability to foresee risks and propose mitigation measures</p></li><li><p>Analytical with good writing and communication skills</p></li><li><p>Understanding of existing and emerging building technologies to analyse and implement them in Hawker Centres, After Death Facilities or any NEA facilities</p></li><li><p>Mature, independent, resourceful and self-motivated</p></li><li><p>Team player with strong interpersonal skills</p></li><li><p>As part of the shortlisting process for this role, you may be required to complete a medical declaration and/or undergo further assessment.</p></li></ul> </strong></p><p>The role requires you to:</p><ul><li><p>Oversee and undertake project management for development of MSE/NEA facilities such as after death facilities, hawker centre and markets, etc</p></li><li><p>Lead multi-disciplinary consultant team to monitor and manage projects to ensure that the projects are on schedule and costs are within the approved budget</p></li><li><p>Manage procurement work including but not limited to drafting contract specifications, calling and evaluating quotations and tenders</p></li><li><p>Plan cashflow budget and monitor utilization.</p></li><li><p>Ensure good governance in the administration of the contracts for consultancy, Builder’s works or other specialised services works required for the development of the projects.</p></li><li><p>Work with user departments on their requirements for implementation into project deliverables</p></li><li><p>Manage feedback and appeals related to the projects</p></li></ul><p></p><p><strong>",National Environment Agency,Engineering
189,"Senior Manager (Special Project), NW CDC","</strong></p>To support the Assistant Director (Special Project) in the formulation of Community Development Council's Jobs Nearby @ CDC initiative and related employment programmes, and lead their implementation in the district, overseeing team operations and stakeholder partnerships to connect residents with employment opportunities.<p></p><p><strong> </strong></p><p>Other ad-hoc duties not covered under main responsibilities and duties.</p><p></p><ul><li>Task Forces/Committees as required.</li><li>Performs other duties as assigned by CDC</li></ul><p></p><p><strong>Knowledge &amp; Skills</strong></p><ul><li>At least 3 years’ experience in outreach, career and skills advisory, community engagement, HR/recruitment, workforce development, or related fields.</li></ul><p><strong>          </strong></p><ul><li>Knowledge of 2nd language (e.g. Mandarin, Malay, Tamil or dialects) to effectively engage with diverse residents in the community.</li></ul><p></p><ul><li>Strong interpersonal and communication skills, with the ability to engage stakeholders from residents to employers.</li></ul><p></p><ul><li>Strong project management skills, with the ability to balance strategy with hands-on execution.<br /> </li><li>Independent, resourceful and results-driven, with the ability to exercise initiative and work under minimal supervision.<br /> </li></ul> </strong></p><p>Key duties and responsibilities that need to be performed to meet the primary objective of the job.  This will include the important result areas (what) along with the rationale (why).<br /> </p><ul><li>Lead, manage and supervise a team of Managers (Ms) and Job Ambassadors (JAs) to deliver programme outcomes and meet key performance indicators (KPIs).</li></ul><p></p><ul><li>Support the Assistant Director (AD) to oversee the overall programme budgeting, marketing and communication efforts the obs Nearby &#64; CDC initiative.</li></ul><p></p><ul><li>Lead implementation of outreach strategies to raise awareness about the programme, seek out and connect with resident jobseekers.</li></ul><p></p><ul><li>Expand employer partnerships, build strong relationships and deepen employer engagement to grow a vibrant network of community-based jobs.</li></ul><p></p><ul><li>Recruit, train and mentor JAs and Ms to strengthen ground operations and capabilities.</li></ul><p></p><ul><li>Plan, coordinate and execute events such as job fairs, learning festivals and/or neighbourhood activations.</li></ul><p></p><ul><li>Provide guidance to JAs and Ms on effective engagement processes with jobseekers and employers.</li></ul><p></p><ul><li>Ensure proper and consistent usage of programme systems and platforms by the team.</li></ul><p></p><ul><li>Support CDCs and Community Clubs/Centres (CCs) in engaging resident jobseekers and onboarding community-based employers.</li></ul><p></p><p><strong>",People's Association,Social and Community Development
190,Community Development Manager (Community Volunteer),"</strong></p>What the role is<br><br>You will support the Constituency Office (CO) in driving community volunteer (CV) management.<br><br>In addition, you will serve as an administrator and facilitator in the formation, development and consolidation of GROs at the constituency level, thereby promoting social cohesion, racial harmony and community bonding.<br><br>What you will be working on<br><br>Engagement with Internal and External Stakeholders<br>• Identify meaningful causes/ interests and volunteering opportunities of CVs (individuals/groups) across different sign-up platforms (e.g. referrals, Community Marketplace, CV Secretariat or PA units) and facilitate their engagement through existing/new projects<br><br>Partnership Management<br><br>• Map and work with the CO team to grow and cultivate CV individuals, groups/ networks at Division level<br>• Nurture CVs as PA advocates to fulfil PA’s People-to-People, People-to-Government or Government-to-People objectives<br>• Match volunteers and volunteer opportunities with internal and external stakeholders at Division level<br>• Share best practices with internal and external partners at suitable platforms<br><br>Marketing and Communications<br><br>• Promote the CV Scheme to increase public awareness and to obtain buy-in from current grassroots leaders and stakeholders in the Division<br>• Work with external partners to cross-share contents on each partner’s publicity platforms<br>• Curate and maintain an archive of CV stories and materials that depict the work of managing CVs<br>• Update calendar of local programmes which will support the overall CV marketing plan<br><br>Training and Development of CVs<br><br>• Work with other PA units and external partners to identify suitable training for (i) staff/ grassroots leaders; and (ii) CVs<br><br>Resource Planning<br>• Match and deploy CV-related resources within the CO (e.g. application of CV grant)<br>• Adhere to internal checks and controls, SOPs and templates for proper accounting, tracking and compliance<br><br>Data Management<br><br>• Submit templates to capture the data of CVs and their involvement at the Division<br>• Submit regular reports on CV management efforts and outcomes<br><br>What we are looking for<br><br>• Has a keen interest or experience in community work.<br>• Has a keen interest in current affairs, national policies and keeps updated about news in the community<br>• Able to write well in English. Has knowledge of Mandarin, Malay or Tamil, with the ability to speak and proofread written text<br>• Social media user; enjoys collaboration and networking<br>• Motivated Team player<br><br>(Only shortlisted candidates will be notified)<br>Shortlisted candidates will go through PA’s structured interview.<br>Successful candidates will be given a 3-year contract and deployed to the CO/CC.<p></p><p><strong> </strong></p><p>As above</p> </strong></p><p>As above</p><p></p><p><strong>",People's Association,Social and Community Development
191,Constituency Manager,"</strong></p>What you will be working on:<br><br>• Assist the Constituency Director to develop the CO’s annual communications plan, aligned with PA’s overall communications objectives and direction.<br>• Curate and maintain an archive of community stories and photographs that depict the work of the CO.<br>• Grow the CO’s social media presence. This involves managing the CO’s digital assets (social media and websites), including developing a monthly content calendar and producing relevant content such as social media posts, videos, and infographics; monitoring and responding to online conversations.<br>• Work with PAHQ and volunteers to develop and amplify content and disseminate communications materials.<br>• Monitor media reports and online conversations for opportunities and issues related to PA’s mission and programmes and prepare relevant reports.<br>• Oversee CO colleagues in the development of marketing communication materials (banners, posters, digital display panels) to ensure brand alignment as well as appropriateness of content and translation.<br>• Understand the demographic profile of specific groups in the local community.<br>• Develop programmes to engage the groups to be in tune with their sentiments and issues of concerns.<br>• Facilitate the formation of interest groups and local communication channels/networks to build/sustain relationships and increase community connectedness.<br>• Work with different partners (e.g. VWOs, educational institutions) to identify and grow local demographic-based networks in the community.<br>• Communicate government policies, gather feedback and channel feedback to appropriate government agencies.<br>• Formulate, implement and review plans for the development of GROs and the community.<br>• Plan and co-ordinate the recruitment, appointment and reappointment of volunteers and members of the GROs to ensure sufficient residential representation.<br>• Ensure proper accounting/procurement, fund utilisation and cash management of the GROs to comply with PA financial rules.<br><br>What we are looking for<br><br>• Has a keen interest or experience in communications, including social media.<br>• Has a keen interest in current affairs, national policies and keeps updated about news in the community.<br>• Able to write well in English. Has knowledge of Mandarin, Malay or Tamil, with the ability to speak and proofread written text.<br>• Social media user; enjoys social networking.<br>• Motivated Team player.<br><br><br>(Only shortlisted candidates will be notified)<br>Shortlisted candidates will go through PA’s structured interview.<br>Successful candidates will be given a 3-year contract and deployed to CO/CC.<p></p><p><strong> </strong></p><p><span>As above</span></p> </strong></p><p><span>As above</span></p><p></p><p><strong>",People's Association,Social and Community Development
192,"Assistant Director (Special Project), NW CDC","</strong></p>To lead the formulation, implementation, and review of the Community Development Council's Jobs Nearby @ CDC initiative and related employment programmes through effective team leadership, stakeholder partnerships, and ensuring alignment with PA's workforce development objectives to enhance employment outcomes for residents across the district.<p></p><p><strong> </strong></p><p>Other ad-hoc duties not covered under main responsibilities and duties.</p><p></p><ul><li>Task Forces/Committees as required.</li></ul><p></p><ul><li>Performs other duties as assigned by General Manager/Deputy General Manager</li></ul><p></p><p>Knowledge &amp; Skills:</p><p><strong>Experience       </strong></p><p>At least 5 years of relevant working experience with demonstrated leadership capabilities in workforce development, community engagement, or related fields</p><p></p><p>Prior experience in leading teams and possessing coaching and/or facilitation certification/experience would be an advantage.</p><p></p><p><strong>Others              </strong></p><p>Knowledge of 2nd language (e.g. Mandarin, Malay, Tamil or dialects) to effectively engage with diverse residents in the community.</p><p></p><p>Familiar with employment trends, workforce policies, training ecosystem in Singapore, with a good understanding of market salary benchmarks to guide employment recommendations and negotiations.</p><p></p><p>Strong leadership, people management, and stakeholder management skills</p><p></p><p>Able to communicate effectively across diverse groups (residents, employers, merchants, community partners and grassroots leaders).</p><p>Analytical, proactive, and able to design outreach strategies that meet both community and organisational goals.</p> </strong></p><p>Key duties and responsibilities that need to be performed to meet the primary objective of the job.  This will include the important result areas (what) along with the rationale (why).<br /> </p><ul><li> Lead the formulation, implemention and review plans of CDC&#39;s Jobs Nearby &#64; CDC initiative and employment programmes, to achieve CDC’s mission.</li></ul><p></p><ul><li>Work closely with Deputy General Manager and Senior Manager in developing staff capabilities and building an effective team to support programme implementation.</li></ul><p></p><ul><li>Lead the Jobs Assistance team in jobs assistance programmes, inter-CDC programmes, and any other programmes assigned by General Manager/Deputy General Manager.</li></ul><p></p><ul><li>Leadand guide Senior Managers and Managers in job clinics operations, job seekers support programmes and employers’ engagement strategies.</li></ul><p></p><ul><li>Oversee vendor and partner relationships to ensure high quality and consistent training for Job Ambassadors to provide high-touch job assistance.</li></ul><p></p><ul><li>Develop strategic outreach plans to increase CDC awareness and participation in the job advisory services.</li></ul><p></p><ul><li>Lead the team in building and maintaining partnerships with employers, merchants, Small Medium Enterprise (SMEs), corporate partners, training providers, Grassroots Organisations, and community partners.</li></ul><p></p><ul><li>Oversee the team’s management of case referrals and queries from the public, inter-agency partners, and other platforms, ensuring effective resolution and coordination of support.</li></ul><p></p><ul><li>Ensure efficient collection of data collection processes and oversee analysis of job placement outcomes, employer engagement statistics,job vacancy data, and key trends to develop strategies to better support job seekers and for reporting to CDC and PA HQ management.</li></ul><p></p><ul><li>Develop partnerships with other stakeholders in district-wide career events and upskilling workshops.</li></ul><p></p><ul><li>Provide leadership and guidance to Senior Managers and Managers to ensure operational targets are met and oversee development of proposal papers for CDC management.</li></ul><p></p><ul><li>Monitor and evaluate programme performance, submit necessary reports, provide feedback, recommend changes and improvements to Council and PA Headquarters, thereby facilitating communication and coordination between the Council and PA.</li></ul><p></p><ul><li>Provide guidance and coordination support to the Council, GROs and project joint partners to facilitate effective implementation of their activities.</li></ul><p></p><ul><li>Formulate workplans and budget with District Councillors of Standing Committees in the CDC.</li></ul><p></p><p><strong>",People's Association,Social and Community Development
193,"Job Ambassador, SW CDC","</strong></p>To manage the engagement of resident jobseekers and coordinate onboarding of community employers to the Jobs Nearby @ CDC scheme, connecting residents through localised workforce development and job matching initiatives.<p></p><p><strong> </strong></p><p><span>Other ad-hoc duties not covered under main responsibilities and duties.</span></p><p></p><p></p><p><strong>Knowledge &amp; Skills</strong></p><p></p><p><strong>Experience      </strong></p><ul><li>Knowledge in outreach, career and skills advisory, community engagement, HR/recruitment, or workforce development.</li></ul><p></p><p><strong>Others             </strong></p><ul><li>Knowledge of 2nd language (e.g. Mandarin, Malay, Tamil or dialects) to effectively engage with diverse residents in the community.</li></ul><p></p><ul><li>Good interpersonal communication skills and able to handle employer / jobseeker enquiries with basic knowledge of job market trends, workforce policies, etc.</li></ul><p></p><ul><li>Ability to work independently across different community locations and open to frequent travel within the district.</li></ul><p></p><ul><li>Flexibility to work  evenings, weekends and public holidays when required</li></ul><p></p><ul><li>Ability to conduct outdoor engagement activities and community outreach.</li></ul><p></p><ul><li>Proactive, persuasive and resourceful.</li></ul><p></p> </strong></p><p>Key duties and responsibilities that need to be performed to meet the primary objective of the job.  This will include the important result areas (what) along with the rationale (why).<br /> </p><ul><li> Manage the engagement of resident jobseekers and coordinate onboarding of community employers to the Jobs Nearby &#64; CDC scheme across CDCs and CCs.</li></ul><p></p><ul><li>Provide personalised guidance to resident jobseekers (e.g. listen with empathy, understand challenges, and guide jobseekers step-by-step in their job search journey).</li></ul><p></p><ul><li>Coordinate with employers (e.g. SMEs, neighbourhood businesses, community-based employers) and vendors to facilitate job seeker profiles creation, posting listings management, and effective utilisation of the job portal.</li></ul><p></p><ul><li>Guide jobseekers in setting up digital profiles, uploading documents, and navigating job portals or related platforms to apply for jobs.</li></ul><p></p><ul><li>Facilitate connections between jobseekers and employers through face-to-face or online platforms, including on-the-spot interviews.</li></ul><p></p><ul><li>Monitor jobseekers’ progress and outcomes, conduct regular follow-ups, and review service delivery processes (e.g. post-interview, post-placement, etc) to continuously improve the experience for both jobseekers and employers.</li></ul><p></p><ul><li>Expand employer networks and build relationships to strengthen engagement.</li></ul><p></p><ul><li>Organise and participate in events such as job fairs, learning festivals, and outreach activities to link jobseekers with employers.</li></ul><p></p><ul><li>Track and report data on jobseeker registrations, employer sign-ups, and success stories for monitoring and evaluation.</li></ul><p></p><ul><li>Provide operational guidance to new Job Ambassadors during onboarding to ensure familiarity with daily operations.</li></ul><p></p><p><strong>",People's Association,Social and Community Development
194,Senior Manager (Contracts Management),"</strong></p>As the Senior Manager (Contracts Management), the main role is to undertake and manage contracts involving maintenance term contracts / construction / upgrading / cyclical maintenance programme / minor improvement / fitting-out of CCs and RNs and other PA buildings, as well as other PA development projects that may be assigned.<p></p><p><strong> </strong></p><p><u><strong><span>Knowledge &amp; Skills</span></strong></u></p><p><span>The minimum education and experience profile required by the job-holder to perform on the job.</span></p><p></p><p><strong><span>Education - </span></strong><span>Professional qualifications in Building, Project Management, Construction Management, Quantity Surveying or other building related disciplines.</span></p><p></p><p><span><strong>Experience - </strong></span>Preferably minimum of five years of relevant experience in contract administration and management of building, facilities or estates projects and/or building maintenance. Good track record particularly in projects using PSSCOC or possess relevant experience working in government agencies or consultancy firms.</p><p></p><p><span><strong>Others</strong> -                  </span></p><ul><li><p>Proficient in MS Words, Excel, PowerPoint and other relevant computer skills.</p></li><li><p>Good command of English language with strong written and presentation skill.</p></li><li><p>Experince in construction procurement and familiarity with BCA’s procurement frameworks (PQM, QFM, etc).</p></li><li><p>Knowledge of Government Instruction Manual is preferred.</p></li><li><p>Knowledge of PSSCOC is preferred.</p></li><li><p>Must have good organisational, conceptualisation, communication and inter-personal skills.</p></li><li><p>Able to work independently with good time management.</p></li><li><p>Effective team player, able to multi-task and prioritize daily workload.</p></li><li><p>Knowledge in GeBIZ / Workday system is an advantage.</p></li><li><p>Good working attitude and willing to learn.</p></li></ul><p></p><p><span>Only shortlisted candidates will be notified.</span></p><p><span>Successful candidates will be given a 3-year contract.</span></p> </strong></p><p><u><strong><span>Duties &amp; Responsibilities</span></strong></u></p><p>The duties and responsibilities include (but not limited to):</p><ul><li><p>Assist to administer and control the pre- and post-contracts management of planning and implementation of all estates management contracts of all PA properties.</p></li></ul><ul><li><p>Assists the supervisor to implement, monitor and manage the procurement for goods and services including maintenance and construction services to ensure compliance of Governmental procurement and financial procedures.</p></li></ul><ul><li><p>Formulate contract strategies and policies including establish good governance standards and processes.</p></li></ul><ul><li><p>Lead the compliance management and procedures on contract to ensure effectiveness and alignment to Public Sector Standards Conditions of Contract (PSSCOC), Government Instruction Manual (IMs), PA’s policies/procedures and relevant authorities (e.g. Building &amp; Construction Authority) requirements.</p></li></ul><ul><li><p>Prepares, checks and reviews quotation / tender documents to ensure that the documents comply with the PSSCOC, Government IMs, PA’s policies/procedures and to meet the operational needs of the PA.</p></li></ul><ul><li><p>Calls, evaluates and awards quotations and tenders.</p></li></ul><ul><li><p>Tracks and processes variation orders to the contract in accordance with the PSSCOC, Government IMs, PA’s policies/procedures and contractual provisions.</p></li></ul><ul><li><p>Attends site meetings to ensure contractual requirements are adhered to by managing agents, consultants, contractors and etc.</p></li></ul><ul><li><p>Monitors and manages contracts/projects within approved cost/budget.</p></li></ul><ul><li><p>Seeks funding approval for increase in project/contract costs, where required.</p></li></ul><ul><li><p>Monitors and maintains cashflow projection of the contract/project.</p></li></ul><ul><li><p>Checks and processes consultant/contractors’ claims to ensure accurate and timely disbursement of payments.</p></li></ul><ul><li><p>Creates contract/project accounts, upload budget and manages virement requests and budget-related requirements in PA’s financial system.</p></li></ul><ul><li><p>Assists in post-contract management and jointly monitors with Facilities/Projects Section on the submissions of “as-built” drawings, warranties, Operations and Maintenance manual and etc. required under the contracts.</p></li></ul><ul><li><p>Oversees finalisation of project accounts and seeks approval for closure of project accounts.</p></li></ul><ul><li><p>Prepares submission of Development Project In-Progress (DPIP) for closure of FY and capitalisation of fixed assets on project completion.</p></li></ul><ul><li><p>Develops and maintains an updated and accurate contract document and records management system for the Division.</p></li></ul><ul><li><p>Lead and oversees in audits conducted by both internal and external auditors on contracts/projects.</p></li></ul><p></p><p><u><strong><span>Other Duties</span></strong></u></p><p><span>Other ad-hoc duties not covered under main responsibilities and duties.</span></p><ul><li><p>Covers the duties of the Assistant Director during period of absence.</p></li></ul><ul><li><p>Provides mentorship and guidance to other colleagues.</p></li></ul><ul><li><p>Represents in Task Forces/Committees as required.</p></li></ul><ul><li><p>Perform other duties as and when assigned by senior officers.</p></li></ul><p></p><p><strong>",People's Association,Building and Estate Management
195,Community Development Manager (Communications),"</strong></p>What the role is<br><br>You will support the Constituency Office (CO) in driving both external and internal communications. You will also be responsible for producing content for different audiences and communications channels, including social media and mainstream media. You will work in tandem with the PA HQ Communications Group to amplify PA and Whole of Government (WOG) messages through the CO’s communications networks. In addition, you will serve as an administrator and facilitator in the formation, development and consolidation of GROs at the constituency level, thereby promoting social cohesion, racial harmony and community bonding.<br><br>What you will be working on<br><br>• Assist the Constituency Director to develop the CO’s annual communications plan, aligned with PA’s overall communications objectives and direction.<br>• Curate and maintain an archive of community stories and photographs that depict the work of the CO.<br>• Grow the CO’s social media presence. This involves managing the CO’s digital assets (social media and websites), including developing a monthly content calendar and producing relevant content such as social media posts, videos, and infographics; monitoring and responding to online conversations.<br>• Work with PAHQ and volunteers to develop and amplify content and disseminate communications materials.<br>• Monitor media reports and online conversations for opportunities and issues related to PA’s mission and programmes and prepare relevant reports.<br>• Oversee CO colleagues in the development of marketing communication materials (banners, posters, digital display panels) to ensure brand alignment as well as appropriateness of content and translation.<br>• Understand the demographic profile of specific groups in the local community.<br>• Develop programmes to engage the groups to be in tune with their sentiments and issues of concerns.<br>• Facilitate the formation of interest groups and local communication channels/networks to build/sustain relationships and increase community connectedness.<br>• Work with different partners (e.g. VWOs, educational institutions) to identify and grow local demographic-based networks in the community.<br>• Communicate government policies, gather feedback and channel feedback to appropriate government agencies.<br>• Formulate, implement and review plans for the development of GROs and the community.<br>• Plan and co-ordinate the recruitment, appointment and reappointment of volunteers and members of the GROs to ensure sufficient residential representation.<br>• Ensure proper accounting/procurement, fund utilisation and cash management of the GROs to comply with PA financial rules.<br><br>What we are looking for<br><br>• Has a keen interest or experience in communications, including social media.<br>• Has a keen interest in current affairs, national policies and keeps updated about news in the community.<br>• Able to write well in English. Has knowledge of Mandarin, Malay or Tamil, with the ability to speak and proofread written text.<br>• Social media user; enjoys social networking.<br>• Motivated Team player.<br><br>(Only shortlisted candidates will be notified)<br>Shortlisted candidates will go through PA’s structured interview.<br>Successful candidates will be given a 3-year contract and deployed to CO/CC.<p></p><p><strong> </strong></p><p>As above</p> </strong></p><p>As above</p><p></p><p><strong>",People's Association,Social and Community Development
196,"Manager (Special Project), CS CDC","</strong></p>To manage the implementation of Community Development Council’s Jobs Nearby @ CDC initiative and related programmes in the district, connecting residents with employment opportunities and community services through targeted outreach, stakeholder partnerships, and programme coordination.<p></p><p><strong> </strong></p><p>Other ad-hoc duties not covered under main responsibilities and duties.</p><p></p><ul><li>Task Forces/Committees as required.</li></ul><p></p><ul><li>Performs other duties as assigned.</li></ul><p></p><p><strong>Knowledge &amp; Skills</strong></p><ul><li>Knowledge in outreach, career and skills advisory, community engagement, HR/recruitment, or workforce development.</li></ul><p></p><ul><li>Knowledge of 2nd language (e.g. Mandarin, Malay, Tamil or dialects) to effectively engage with diverse residents in the community.<br /> </li></ul><ul><li>Coaching and/or facilitation certification would be desirable.</li></ul><p></p><ul><li>Strong interpersonal, communication and stakeholder management skills.</li></ul><p></p><ul><li>Strong team player and self-starter</li></ul><p></p><ul><li>Familiarity with employment trends, workforce policies, and training ecosystem in Singapore.</li></ul><p></p><p></p> </strong></p><p>Key duties and responsibilities that need to be performed to meet the primary objective of the job.  This will include the important result areas (what) along with the rationale (why).<br /> </p><ul><li>Support Job Ambassadors in their daily operations at job clinics by providing operational assistance and coordination.</li></ul><p></p><ul><li>Support the delivery of capability-building sessions for Job Ambassadors to provide high-touch job assistance.</li></ul><p></p><ul><li>Implement outreach plans to increase CDC awareness and participation in job advisory services.</li></ul><p></p><ul><li>Liaise and maintain partnerships with employers, merchants, Small Medium Enterprise (SMEs), training providers, grassroots, and community partners.</li></ul><p></p><ul><li>Process and manage case referrals and queries from the public, inter-agency partners, and Grassroots Advisers, ensuring timely resolution and appropriate support.</li></ul><p></p><ul><li>Track job placement outcomes and assist Job Ambassadors with job-matching activities and strategies.</li></ul><p></p><ul><li>Gather feedback and insights from Job Ambassadors and stakeholders to support programme refinements and improvements.</li></ul><p></p><ul><li>Manage and track data of residents served, job referrals, and placement targets for reporting.</li></ul><p></p><ul><li>Partner with relevant stakeholders in district-wide career events and upskilling workshops.</li></ul><p></p><p><strong>",People's Association,Social and Community Development
197,"Job Ambassador, NE CDC","</strong></p>To manage the engagement of resident jobseekers and coordinate onboarding of community employers to the Jobs Nearby @ CDC scheme, connecting residents through localised workforce development and job matching initiatives.<p></p><p><strong> </strong></p><p><span>Other ad-hoc duties not covered under main responsibilities and duties.</span></p><p></p><p><strong>Knowledge &amp; Skills</strong></p><ul><li>Knowledge in outreach, career and skills advisory, community engagement, HR/recruitment, or workforce development.</li></ul><p></p><ul><li>Knowledge of 2nd language (e.g. Mandarin, Malay, Tamil or dialects) to effectively engage with diverse residents in the community.</li></ul><p></p><ul><li>Good interpersonal communication skills and able to handle employer / jobseeker enquiries with basic knowledge of job market trends, workforce policies, etc.</li></ul><p></p><ul><li>Ability to work independently across different community locations and open to frequent travel within the district.</li></ul><p></p><ul><li>Flexibility to work  evenings, weekends and public holidays when required</li></ul><p></p><ul><li>Ability to conduct outdoor engagement activities and community outreach.</li></ul><p></p><ul><li>Proactive, persuasive and resourceful.</li></ul><p></p> </strong></p><p>Key duties and responsibilities that need to be performed to meet the primary objective of the job.  This will include the important result areas (what) along with the rationale (why).<br /> </p><ul><li> Manage the engagement of resident jobseekers and coordinate onboarding of community employers to the Jobs Nearby &#64; CDC scheme across CDCs and CCs.</li></ul><p></p><ul><li>Provide personalised guidance to resident jobseekers (e.g. listen with empathy, understand challenges, and guide jobseekers step-by-step in their job search journey).</li></ul><p></p><ul><li>Coordinate with employers (e.g. SMEs, neighbourhood businesses, community-based employers) and vendors to facilitate job seeker profiles creation, posting listings management, and effective utilisation of the job portal.</li></ul><p></p><ul><li>Guide jobseekers in setting up digital profiles, uploading documents, and navigating job portals or related platforms to apply for jobs.</li></ul><p></p><ul><li>Facilitate connections between jobseekers and employers through face-to-face or online platforms, including on-the-spot interviews.</li></ul><p></p><ul><li>Monitor jobseekers’ progress and outcomes, conduct regular follow-ups, and review service delivery processes (e.g. post-interview, post-placement, etc) to continuously improve the experience for both jobseekers and employers.</li></ul><p></p><ul><li>Expand employer networks and build relationships to strengthen engagement.</li></ul><p></p><ul><li>Organise and participate in events such as job fairs, learning festivals, and outreach activities to link jobseekers with employers.</li></ul><p></p><ul><li>Track and report data on jobseeker registrations, employer sign-ups, and success stories for monitoring and evaluation.</li></ul><p></p><ul><li>Provide operational guidance to new Job Ambassadors during onboarding to ensure familiarity with daily operations.</li></ul><p></p><p></p><p><strong>",People's Association,Social and Community Development
198,"Job Ambassador, CS CDC","</strong></p>To manage the engagement of resident jobseekers and coordinate onboarding of community employers to the Jobs Nearby @ CDC scheme, connecting residents through localised workforce development and job matching initiatives.<p></p><p><strong> </strong></p><p>Other ad-hoc duties not covered under main responsibilities and duties.</p><p></p><p><strong>Knowledge &amp; Skills</strong></p><ul><li>Knowledge in outreach, career and skills advisory, community engagement, HR/recruitment, or workforce development.</li></ul><p></p><ul><li>Knowledge of 2nd language (e.g. Mandarin, Malay, Tamil or dialects) to effectively engage with diverse residents in the community.</li></ul><p></p><ul><li>Good interpersonal communication skills and able to handle employer / jobseeker enquiries with basic knowledge of job market trends, workforce policies, etc.</li></ul><p></p><ul><li>Ability to work independently across different community locations and open to frequent travel within the district.</li></ul><p></p><ul><li>Flexibility to work  evenings, weekends and public holidays when required</li></ul><p></p><ul><li>Ability to conduct outdoor engagement activities and community outreach.</li></ul><p></p><ul><li>Proactive, persuasive and resourceful.</li></ul><p></p> </strong></p><p>Key duties and responsibilities that need to be performed to meet the primary objective of the job.  This will include the important result areas (what) along with the rationale (why).</p><p></p><ul><li> Manage the engagement of resident jobseekers and coordinate onboarding of community employers to the Jobs Nearby &#64; CDC scheme across CDCs and CCs.</li></ul><p></p><ul><li>Provide personalised guidance to resident jobseekers (e.g. listen with empathy, understand challenges, and guide jobseekers step-by-step in their job search journey).</li></ul><p></p><ul><li>Coordinate with employers (e.g. SMEs, neighbourhood businesses, community-based employers) and vendors to facilitate job seeker profiles creation, posting listings management, and effective utilisation of the job portal.</li></ul><p></p><ul><li>Guide jobseekers in setting up digital profiles, uploading documents, and navigating job portals or related platforms to apply for jobs.</li></ul><p></p><ul><li>Facilitate connections between jobseekers and employers through face-to-face or online platforms, including on-the-spot interviews.</li></ul><p></p><ul><li>Monitor jobseekers’ progress and outcomes, conduct regular follow-ups, and review service delivery processes (e.g. post-interview, post-placement, etc) to continuously improve the experience for both jobseekers and employers.</li></ul><p></p><ul><li>Expand employer networks and build relationships to strengthen engagement.</li></ul><p></p><ul><li>Organise and participate in events such as job fairs, learning festivals, and outreach activities to link jobseekers with employers.</li></ul><p></p><ul><li>Track and report data on jobseeker registrations, employer sign-ups, and success stories for monitoring and evaluation.</li></ul><p></p><ul><li>Provide operational guidance to new Job Ambassadors during onboarding to ensure familiarity with daily operations.</li></ul><p></p><p><strong>",People's Association,Social and Community Development
199,Senior Manager (Data Management),"</strong></p>1.Establish and review the data management policies, processes and procedures to ensure the security and quality of data collected and generated;<br><br>2. Assist in the development and maintenance of the Data Systems;<br><br>3. Prepare data for data analytics and visualization purposes, and conduct statistical analysis to better understand the operations and identify opportunities for improvement using programming tools/coding; and<br><br>4.Guide PA officers in collecting, processing and analysing the PA data.<p></p><p><strong> </strong></p><p>· Assists in PA major events and participates in ad hoc working committees</p><p>· Performs any other duties assigned by the senior officers</p><p></p><p><strong>Experience</strong></p><p>Minimum - Three years of working experience in managing big data, conducting statistical analysis or performing data analytics.</p><p></p><p>Desired -  Five years of working experience in managing big data, conducting statistical analysis or performing data analytics, with working experience in social and community development sectors.</p><p></p><p><strong>Others</strong></p><p>· Good leadership, analytical and communication skills.</p><p>· Good knowledge in data management/data science platform, statistical software, geospatial and data visualization tools.</p><p></p><p></p> </strong></p><p>· Establishes and reviews the data management policies, processes and procedures to ensure the security and quality of data collected and generated.</p><p>· Assists in the review of data architecture and maintenance of related documents.</p><p>· Assists in the development of Data Systems, including gathering and documentation of users’ requirements, preparing procurement documents, and performing UATs, etc.</p><p>· Assists in the maintenance of the Data Systems, including liaising with vendors to resolve system and data issues, and providing vendor the users’ requirements to upgrade system capabilities.</p><p>· Identifies new datasets needed for PA outreach and engagement, and develops interfaces to bring the datasets into PADNA.</p><p>· Conducts statistical analysis to better understand the operations and identify opportunities for improvement.</p><p>· Prepares datasets including data cleansing and masking for analytics and visualization purposes.</p><p></p><p><strong>",People's Association,Statistics
200,Senior Manager (Project Management),"</strong></p>Manage the implementation of community infrastructure building and upgrading projects. Leads the project teams of assigned projects and taskforces for special projects of the Division.<p></p><p><strong> </strong></p><h3>Other ad-hoc duties not covered under main responsibilities and duties.</h3><ul><li>Covers duties of Assistant Director (Project Management).</li><li>Other ad-hoc duties/tasks assigned by Supervisors and Management.</li></ul> </strong></p><ul><li>Lead and manage project teams for the implementation of community infrastructure building and upgrading projects from planning to completion including defects liability periods, handing over of required documents to FM, DPIPs and finalization of project accounts.</li><li>Oversee and give direction to appointed team of multi-discipinary consultants comprising professionals in project management, architectural, civil &amp; structural, mechanical &amp; electrical, environmental, interior and etc to ensure assigned projects complete within schedule and approved budget and meet the project strategic, design, quality and operational objectives.</li><li>Meet financial objectives for the projects by forecasting cashflow for projects requirements, scheduling expenditures, proposed corrective actions and timely closure of project accounts.</li><li>Monitor the overall status of projects, submits progress updates on projects and ensure timely submission of status reports to Management and Stakeholders.</li><li>Review concept design, detailed, tender and construction drawings and tender documents to meet the design guidelines and functional requirements</li><li>Ensure compliance with Government and internal procurement and financial procedures.</li><li>Update job knowledge by participating in educational opportunities, reading professional publications, maintaining personal networks and participating in professional organisations.</li><li>Ensure proper and full archive of essential data, financial information and all authorities approval information etc for reference, audit and future development of buildings.</li></ul><p></p><p><strong>",People's Association,Building and Estate Management
201,Assistant Director (Operations Development & Planning - Data Analytics),"</strong></p>To drive PA as a data-driven organisation where everyone can transform data into intelligence.  You would support the development and maintenance of data products so as to support PA's planning and operations.<p></p><p><strong> </strong></p><ul><li>Experience in using scripting language such as Python/R in data analytics</li></ul><p></p><ul><li>Between 3 and 5 years of working experience in data analytics. Experience in geographical data analytics will be an additional advantage</li></ul><p></p><ul><li>Strong competency in building geographical data products for planning and operations</li></ul> </strong></p><ul><li>Good knowledge in data visualization tools like tableau and data analytics, processing tools like R and Python</li></ul><p></p><ul><li>Experience and understanding in using Foundation Large Language model to create customized data products<br /> </li><li>Perform data analytics visioning and road-mapping, business case development, implementation planning, organizational planning, budget and risk management planning<br /> </li><li>Collaborate with internal stakeholders to understand their needs/pain points to design data analytics solutions to support strategic planning and to enhance operation efficiency<br /> </li><li>Build and manage entire end-to-end lifecycle of scoping data inputs, data cleaning and pre-processing, feature engineering, building models, deploying to productions and improving models through iterations<br /> </li><li>Oversee the Apps/System Deployment through managing deployment planning, system installation, acceptance testing, performance validation, testing &amp; tuning, and User Training to support data analytics initiatives<br /> </li><li>Contribute to the data architecture engineering decisions to support data analytics</li></ul><p></p><p><strong>",People's Association,Research and Analysis
202,"Senior Manager (Special Project), NE CDC","</strong></p>To support the Assistant Director (Special Project) in the formulation of Community Development Council's Jobs Nearby @ CDC initiative and related employment programmes, and lead their implementation in the district, overseeing team operations and stakeholder partnerships to connect residents with employment opportunities.<p></p><p><strong> </strong></p><p>Other ad-hoc duties not covered under main responsibilities and duties.</p><p></p><ul><li>Task Forces/Committees as required.</li></ul><p></p><ul><li>Performs other duties as assigned by CDC.</li></ul><p></p><p><strong>Knowledge &amp; Skills</strong></p><ul><li>At least 3 years’ experience in outreach, career and skills advisory, community engagement, HR/recruitment, workforce development, or related fields.</li></ul><p></p><ul><li>Knowledge of 2nd language (e.g. Mandarin, Malay, Tamil or dialects) to effectively engage with diverse residents in the community.</li></ul><p></p><ul><li>Strong interpersonal and communication skills, with the ability to engage stakeholders from residents to employers.</li></ul><p></p><ul><li>Strong project management skills, with the ability to balance strategy with hands-on execution.<br /> </li><li>Independent, resourceful and results-driven, with the ability to exercise initiative and work under minimal supervision.<br /> </li></ul><p></p> </strong></p><p>Key duties and responsibilities that need to be performed to meet the primary objective of the job.  This will include the important result areas (what) along with the rationale (why).<br /> </p><ul><li>Lead, manage and supervise a team of Managers (Ms) and Job Ambassadors (JAs) to deliver programme outcomes and meet key performance indicators (KPIs).</li></ul><p></p><ul><li>Support the Assistant Director (AD) to oversee the overall programme budgeting, marketing and communication efforts the obs Nearby &#64; CDC initiative.</li></ul><p></p><ul><li>Lead implementation of outreach strategies to raise awareness about the programme, seek out and connect with resident jobseekers.</li></ul><p></p><ul><li>Expand employer partnerships, build strong relationships and deepen employer engagement to grow a vibrant network of community-based jobs.</li></ul><p></p><ul><li>Recruit, train and mentor JAs and Ms to strengthen ground operations and capabilities.</li></ul><p></p><ul><li>Plan, coordinate and execute events such as job fairs, learning festivals and/or neighbourhood activations.</li></ul><p></p><ul><li>Provide guidance to JAs and Ms on effective engagement processes with jobseekers and employers.</li></ul><p></p><ul><li>Ensure proper and consistent usage of programme systems and platforms by the team.</li></ul><p></p><ul><li>Support CDCs and Community Clubs/Centres (CCs) in engaging resident jobseekers and onboarding community-based employers.</li></ul><p></p><p><strong>",People's Association,Social and Community Development
203,Senior Manager (Projects & Productions),"</strong></p>The Senior Manager serves as a lead of the Chingay Production team to organise the annual Chingay Parade as a key national level project of PA in bringing people together through building and bridging communities, promoting racial harmony and appreciation of our diverse cultures.  He/She works closely with many organisations and stakeholders including the private, people and public sectors to present a high quality and refreshing Parade.  <br><br>He/She will also supervises and lead teams in effectively organising other arts and culture programmes and projects of varying scale, including national and international level, to meet the division’s strategic &amp; operational goals, as well as other national and PA events.<p></p><p><strong> </strong></p><ul><li><p>Provide support for division’s projects and events</p></li><li><p>Supervises the manager in providing support in the area of costumes, accessories, shoes and props for division’s events and activities including PA Talents performances, or other PA’s events</p></li><li><p>Chairs internal and external meetings and discussions.</p></li><li><p>Performs other duties as assigned by Senior Officers.</p></li></ul><p></p><p><u>Knowledge &amp; Skills</u></p><p>Minimum - 2 years of working experience</p><p>Desired - Experience in organising cultural or performing events or involvement in performing arts, and experience in in working with artistes in the performing arts circle and handling of costumes or props.</p><p></p><p>• Meticulous and highly motivated<br />• Resourceful and proactive<br />• Able to lead effectively<br />• Proficient (written and spoken) in English and Mandarin<br />• Possess creative and artistic flair, and have strong interest in performing arts<br />• Able to work well under pressure and tight timelines; willing to work long and irregular hours and on weekends</p><p></p><p><span>Only shortlisted candidates will be notified.<br />Successful candidates will be given a 3-year contract.</span></p> </strong></p><p><u>General</u></p><ul><li><p>Assists Senior Officers in the formulation of policies and align division’s strategic goals to meet PA’s mission and objectives.</p></li><li><p>Assists to plan and review the programmes and projects of the section to meet the division’s strategic &amp; operational goals.</p></li><li><p>Supervises and develops staff for continuous improvement and to help staff understand PA’s initiatives and perform their assigned duties.</p></li><li><p>Serves as a Relationship Manager to build and maintain close working relationships with partners and stakeholders.</p></li><li><p>Serves as a member of the Administrative and Procurement Team to check the division’s procurement procedures and ensure compliance with government procurement policies.</p></li></ul><p></p><p><u>For Chingay Parade</u></p><ul><li><p>Oversees the conceptualisation and production of Chingay Parade including the format planning, coordination with production managers and other stakeholders, planning and coordination of the briefing sessions, practices, rehearsals and parade days.</p></li><li><p>Management of the volunteers and staff supporting the execution of the practices, rehearsals and parade days to ensure the smooth execution of the parade.</p></li><li><p>Serves as a production manager to Chingay performing groups, coordinating the groups’ participation in the Chingay Parade and its rehearsals as well as related fringe events by providing administrative and technical support with regards to choreography, training, costumes, floats, props, sound and lighting etc, to ensure their items meet the acceptable standard of the parade.</p></li><li><p>Conducts audit checks to ensure that the performing items comply with artistic requirements of Chingay.</p></li><li><p>Leads the planning and co-ordination of ad-hoc Chingay projects that enable mass participation by the community and give support to logistic and administrative matters for the programme.</p></li><li><p>Supervises the Manager in production and management of all the costumes, props, headgears, shoes and accessories for the entire Chingay Parade including the designing, sourcing, procurement, supervising of the appointed contractors, sorting, distribution and maintenance. </p></li></ul><p></p><p></p><p><strong>",People's Association,Social and Community Development
204,Senior Manager (HR Business Partnering),"</strong></p>To serve as the HR Business Partner for assigned PA divisions, managing the full spectrum of human resources operations including recruitment, staff deployment, postings, and exit management. The role involves fostering stakeholder relationships, developing recruitment strategies, providing professional HR advice on policy interpretation and staff matters, and leveraging technology and data analytics to optimise HR functions whilst implementing innovative HR solutions.<p></p><p><strong> </strong></p><p>Other ad-hoc duties not covered under main responsibilities and duties.</p><p></p> </strong></p><ul><li>Provide business partnering support for assigned PA Divisions including staff under the CDC Vouchers Scheme and JobsNearby&#64;CDCs, managing manpower resourcing and providing professional advice on HR policies and staff matters including recruitment, outreach, on-boarding, postings and secondment, temporal staff, re-employment, contract renewal and exit management.</li><li>Foster strong relationships with stakeholders, communicate effectivelyand build trust to effectively influence, facilitate, negotiate, and resolve conflict while developing and engaging employees.</li><li>Develop and implement recruitment strategies including sourcing, assessment, and selection to maximise effectiveness of the selection process and help PA achieve its operational goals.</li></ul><ul><li>Champion new ways of working by applying and implementing innovative solutions to day-to-day work.</li><li>Translate, and implement policies and processes that are staff-centric while taking into consideration staff and organisational needs, relevant legislations and industry best practices.</li><li>Support and implement strategies that facilitate staff movements to meet the PA’s operational requirements and current goals in line with workforce needs.Leverage on technology and digital tools to optimise and enhance HR functions, foster a tech-focused and pro-digitalisation culture in the HR team, and use data analytics to generate insights for operational planning purposes.</li></ul><p></p><p><strong>",People's Association,Human Resources
205,"Residents' Committee Manager, (Sin Ming Gardens RN)","</strong></p>You will assist Residents' Committees/Neighbourhood Committees/Residents’ Network (RCs/NCs/RNs) to widen their outreach and deepen engagement with residents. You will assist RCs/NCs/RNs to promote and market RC/NC/RN activities, courses and events, form and develop Interest Groups, and attract new customers. You will assist in the operations of RC/NC centres, RC/NC/RN accounts and provide administrative support for RCs. <br>#LI-DNI<p></p><p><strong> </strong></p><p>NA</p> </strong></p><p>Assist the assigned RN in widening outreach and deepening engagement with residents and thereby, building social capital and to achieve an active community. </p><ul><li>Based at RN centre(s), the Manager operates the centre and works closely with RN to handle enquiries from members of the public, collection of course/activity fees and assist in other administrative roles. </li></ul><ul><li>Keep abreast of all activities, courses and events organised or to be organised by the assigned RN or any other local matters to ensure the smooth operation of the RN. #LI-DNI</li></ul><p></p><p><strong>",People's Association,Social and Community Development
206,"Job Ambassador, SE CDC","</strong></p>To manage the engagement of resident jobseekers and coordinate onboarding of community employers to the Jobs Nearby @ CDC scheme, connecting residents through localised workforce development and job matching initiatives.<p></p><p><strong> </strong></p><p><span>Other ad-hoc duties not covered under main responsibilities and duties.</span></p><p></p><p><strong>Knowledge &amp; Skills</strong></p><ul><li>Knowledge in outreach, career and skills advisory, community engagement, HR/recruitment, or workforce development.</li></ul><p></p><ul><li>Knowledge of 2nd language (e.g. Mandarin, Malay, Tamil or dialects) to effectively engage with diverse residents in the community.</li></ul><p></p><ul><li>Good interpersonal communication skills and able to handle employer / jobseeker enquiries with basic knowledge of job market trends, workforce policies, etc.</li></ul><p></p><ul><li>Ability to work independently across different community locations and open to frequent travel within the district.</li></ul><p></p><ul><li>Flexibility to work  evenings, weekends and public holidays when required</li></ul><p></p><ul><li>Ability to conduct outdoor engagement activities and community outreach.</li></ul><p></p><ul><li>Proactive, persuasive and resourceful.</li></ul><p></p> </strong></p><p><span>Key duties and responsibilities that need to be performed to meet the primary objective of the job.<span>  </span>This will include the important result areas (what) along with the rationale (why).</span></p><ul><li>Manage the engagement of resident jobseekers and coordinate onboarding of community employers to the Jobs Nearby &#64; CDC scheme across CDCs and CCs.</li></ul><p></p><ul><li>Provide personalised guidance to resident jobseekers (e.g. listen with empathy, understand challenges, and guide jobseekers step-by-step in their job search journey).</li></ul><p></p><ul><li>Coordinate with employers (e.g. SMEs, neighbourhood businesses, community-based employers) and vendors to facilitate job seeker profiles creation, posting listings management, and effective utilisation of the job portal.</li></ul><p></p><ul><li>Guide jobseekers in setting up digital profiles, uploading documents, and navigating job portals or related platforms to apply for jobs.</li></ul><p></p><ul><li>Facilitate connections between jobseekers and employers through face-to-face or online platforms, including on-the-spot interviews.</li></ul><p></p><ul><li>Monitor jobseekers’ progress and outcomes, conduct regular follow-ups, and review service delivery processes (e.g. post-interview, post-placement, etc) to continuously improve the experience for both jobseekers and employers.</li></ul><p></p><ul><li>Expand employer networks and build relationships to strengthen engagement.</li></ul><p></p><ul><li>Organise and participate in events such as job fairs, learning festivals, and outreach activities to link jobseekers with employers.</li></ul><p></p><ul><li>Track and report data on jobseeker registrations, employer sign-ups, and success stories for monitoring and evaluation.</li></ul><p></p><ul><li>Provide operational guidance to new Job Ambassadors during onboarding to ensure familiarity with daily operations</li></ul><p></p><p><strong>",People's Association,Social and Community Development
207,Constituency Management Executive,"</strong></p>What the role is<br><br>You will support Community Club (CC) operations; serve CC customers by actively promoting and marketing CC activities, courses and events; as well as attract new customers. You will also provide administrative support for the operations of the Constituency Office (CO) and Grassroots Organisations (GROs). In addition, you will take on functional and coordinating roles in Finance, Operations or Information Technology support in the CO.<br><br>What we are looking for<br><br>•Experience in marketing, sales or customer service<br>•Prior knowledge in handling accounts would be advantageous<br>•Pleasant and positive personality; enjoy interacting with people from different backgrounds<br>•Ability to work independently and in a team effectively<br><br>(Only shortlisted candidates will be notified)<br>Shortlisted candidates will go through PA’s structured interview.<br>Successful candidates will be given a 3-year contract and deployed to CO/CC.<p></p><p><strong> </strong></p><p>As above</p> </strong></p><p>As above</p><p></p><p><strong>",People's Association,Social and Community Development
208,Senior Manager (Special Project),"</strong></p>To support the Assistant Director in the formulation of CDC-wide communication strategies and execution of common flagship programmes across all five CDCs, conducting data management and analysis, coordination activities and stakeholder partnerships to achieve CDC objectives and enhance community outcomes.<p></p><p><strong> </strong></p><p><strong><span>Other Duties</span></strong></p><ul><li>Task Forces/Committees as required.</li></ul><p></p><ul><li>Perform any other duties as assigned by Senior Officers.</li></ul><p></p><p><strong>Knowledge &amp; Skills</strong>    </p><ul><li>At least three years of relevant working experience in IT and data analytics</li><li>Good interpersonal, communication and analytical skills</li><li>Team Player</li></ul><p></p> </strong></p><p>Key duties and responsibilities that need to be performed to meet the primary objective of the job.  This will include the important result areas (what) along with the rationale (why).</p><p></p><p><strong><u>Data Management and Analysis</u></strong></p><ul><li>Collate relevant data and leverage on technology and innovation to improve work efficiency of the CDCs’ common based programmes.</li><li>Analyse and present information and statistical reports on CDC programmes for management reporting. </li><li>Prepare regular reports to highlight and profile CDC work through close collaboration with CDCs, internal stakeholders, government agencies, and community partners.</li></ul><p></p><p><strong><u>Operations and Communications</u></strong></p><ul><li>Plan and execute operations on the common-based programmes.</li><li>Work closely with government agencies and partners to identify and troubleshoot issues.</li><li>Follow up on technical or operational issues with internal and external stakeholders.</li><li>Communicate effectively to internal/external stakeholders on programmes matters.</li></ul><p></p><p><strong><u>Common Based Programmes</u></strong></p><ul><li>Assist in national schemes that cut across five CDCs and review and monitor common-based programmes across CDCs to ensure the effective use of resources.</li><li>Draft papers and reports, and prepare and make presentations to highlight and profile CDC work as assigned by SD.</li></ul><p></p><p><strong><u>Social Innovation and Community Development</u></strong></p><ul><li>Support the development and incubation of innovative programmes to meet emerging and existing, and increasingly complex needs.</li></ul><p></p><p><strong><u>Secretariat </u></strong></p><ul><li>Support the corporate and administrative functions of CPD which include secretariat and staffing duties for meetings co-ordinated by and involving CPD, for programmes and projects and media matters involving all CDCs.</li><li>Support the design and facilitation of CPD/CDCs workplan/workshops, and the development of the overall CDCs’ strategies so as to align to CDC’s mission and PA’s objectives.</li></ul><p></p><p></p><p><strong>",People's Association,Social and Community Development
209,Senior Manager (Design & Planning),"</strong></p>Senior Project Manager (Design &amp; Planning) - Manage planning and design of new and upgrading community club/centre projects including other PA development projects to meet PA’s objectives, functional requirements and create conducive community spaces for residents to meet and bond to build social capital. Lead the project teams of assigned projects and taskforces for special projects of the Division.<p></p><p><strong> </strong></p><p><strong><span>Others           </span> </strong></p><ul><li>Willing to learn and possess high level of initiatives</li><li>Possess strong command of English language with good written, communication and presentation skills.</li><li>Possess flair in design and able to conceptualise ideas and space planning with presentation drawings.</li><li>Must have strong organisational, conceptualisation and inter-personal skills.</li><li>Able to work independently with good time management and able to multi-tasks.</li><li>Resourceful and work well in teams.</li><li>Knowledge of contract administration and project management</li><li>Proficient in MS Word, Excel, PowerPoint, AutoCAD and Revit.  Knowledge of Adobe Photoshop, SketchUp and rendering software is an added advantage.</li><li>Knowledge of Game Changing Technology (such as PPVC, CLT) is an added advantage.</li></ul><p></p><p><span>Only shortlisted candidates will be notified.</span></p><p><span>Successful candidates will be given a 3-year contract.</span></p> </strong></p><p><strong>1. Job Purpose</strong></p><p><span>To support PA’s objectives to promote social cohesion and community bonding by <u>creating conducive community spaces</u> for people to meet, interact and bond.  </span></p><p></p><p><strong>2. Duties &amp; Responsibilities</strong></p><p>Manage planning and design of new and upgrading community club/centre projects including other PA development projects to meet PA’s objectives, functional requirements and create conducive community spaces for residents to meet and bond to build social capital. Lead the project teams of assigned projects and taskforces for special projects of the Division. These include (but is not limited to):</p><ul><li>Master planning of CCs and formulation of design policies and guidelines</li><li>Identification and procurement of PA development sites and compatible co-users.</li><li>Develop and align multiple co-locating partners to project vision in developing synergetic and complementary facilities to meet the needs of residents in complex co-located community projects</li><li>Develop best practices and industry benchmarks for good design and facilities to incorporate in CC design guidelines</li><li>Review design for projects under Design &amp; Planning</li><li>Seek in-principle approval and IAA approval for predevelopment and development funding for community infrastructure building/upgrading programmes and projects.</li><li>Submit MPC approval of sites and URA written permission approval  for  community infrastructure building/upgrading programmes/projects.</li><li>Procure/appoint Consultants for building/upgrading programmes and projects.</li><li>Procure predevelopment services/works such as topographic and site surveys and soil investigation etc.</li><li>Formulate new typology of community projects, eg. co-location with HDB, shopping mall and other complementary facilities</li><li>Review design of common space at CC and co-located community projects for meaningful interaction of residents.</li><li>Work with PA&#39;s expertise groups and CO for design innovation to CC facilities</li><li>Identify potentials &amp; areas to further synergise with co-locators through formulation of design brief and areas of co-programming</li><li>Formulate and review guidelines on building designs and standards</li><li>Review designs of building projects and ensure quality in building designs</li><li>Drive the Community Workgroups on Design Briefs for new and upgrading of CCs</li><li>Proposed concept design for minor projects</li><li>Review interior design proposals with consultants and GRLs</li><li>Drive construction productivity</li></ul><p></p><p><strong>3. Other Duties</strong></p><p>Other ad-hoc duties not covered under main responsibilities and duties.</p><ul><li>Other ad-hoc duties assigned by Director (Building).</li></ul><p></p><ul></ul><p><strong>Education</strong></p><p>Minim<span>um <span>-  Professional</span> Certification in Architecture or equivalent.</span></p><p></p><p><strong><span>Experience     </span> </strong></p><p>Minimum -  5 years working experience in related field with good knowledge of architectural design, space planning, building regulations, construction method and building material selection.</p><p>Desired - As above but more than 7 years  experience.</p><p></p><p><strong>",People's Association,Building and Estate Management
210,"Senior Manager (Creative Productions), ACD","</strong></p>As Senior Manager (Creative Productions), serves as the Assistant Artistic Director to assist the Artistic Director to oversee all aspects of the artistic production of the Chingay Parade.  The incumbent also serves as a choreographer and trainer for PA major arts and cultural events such as the Chingay Parade, PA Talents Community Outreach showcase/Concerts and National Day Celebration events.  Additionally, the incumbent will also provide creative direction for PassionArts Festival, creating greater synergy between Chingay and PAssionArts, while planning and supervising all performances to meet the required artistic standards and to align with PA’s mission and objectives.<p></p><p><strong> </strong></p><p>NA</p> </strong></p><ul><li>Serves as the Assistant Artistic Producer, choreographer and trainer for the Chingay Parade to support in the conceptualisation of the parade concept and present interesting and spectacular items for the Parade.</li></ul><ul><li>Plans and coordinates future Chingay Parades to facilitate early engagement of partners and various communities.</li></ul><ul><li>Provides artistic advice/inputs and works closely with choreographers on Chingay and other arts and cultural performances to ensure that the outcomes achieve good standard of performance.</li></ul><ul><li>Works closely with the appointed music director/personnel to create, source and curate the selection of music to enhance the presentation of the performances at Chingay Parade and any other cultural performances presented by the PA Talents Dance Ensembles (PA Talents).</li></ul><ul><li>Provides artistic concept and supervises the production process (includes floats, costumes, props, sets) of Chingay and all other cultural activities/performances by PA Talents.</li></ul><ul><li>Conducts component, combined and full dressed rehearsals for Chingay.</li></ul><ul><li>Prepares cue sheets for the full-dress rehearsals and shows (including cues for performers, lightings, effects, singers) and serves as the cue master for the rehearsals and shows.</li></ul><ul><li>Serves as a production manager to Chingay performing groups, coordinating the groups’ participation in the Chingay Parade and its rehearsals and related fringe activities by providing administrative and technical support (choreography, training, costumes, floats, props, sound and lighting) to ensure their performances meet the acceptable standard of the parade.</li></ul><ul><li>Serves as a Relationship Manager to build and maintain close working relationships with partners and stakeholders to ensure successful delivery of PA&#39;s arts and cultural events.</li></ul><ul><li>Provides creative direction for the annual PassionArts Festival and ensure synergy between Chingay and PAssionArts.</li></ul><ul><li>Performs other duties as assigned by Senior Officers.</li></ul><p></p><p></p><p><strong>",People's Association,Social and Community Development
211,Manager (Procurement),"</strong></p>Strengthen governance and achieve value-for-money in procurement; and provide effective and efficient administration services in support of People’s Association’s objectives.<p></p><p><strong> </strong></p><p><strong>Experience</strong><br />Minimum - At least three years of relevant working experience in procurement related roles such as procurement requestor, partner or analyst, etc.<br />Desired – At least three years of procurement experience with good understanding on the Instruction Manual on Procurement and/or Grassroots Rules and Regulations.</p><p></p><p><strong>Others </strong></p><p>Possess good analytical, communication and writing skills, and able to work independently.</p><p></p><p><span>Only shortlisted candidates will be notified.</span></p><p><span>Successful candidates will be given a 3-year contract.</span></p> </strong></p><p>You will be part of the procurement team to:<br />•Provide guidance to PA staff as an expert on procurement to ensure the applied methodologies would optimize the benefits of value-for-money for PA and GROs.<br />•Assist in the review of PA procurement policies supported by data-driven analysis of procurement data to assess effectiveness of procurement governance.<br />•Administer, review and enlarge commonly used goods and services for demand aggregation to meet business needs and enhance overall procurement performance.<br />•Review procurement documents and ensure implementation of procurement templates and guidelines by PA staff to ensure compliance with existing requirements.<br />•Engage stakeholders independently to provide advice on appropriate methods at pre-publication stage, and explore alternatives when situation is ambiguous or complex.<br />•Oversee coordination of procurement trainings of PA staff to ensure they have up-to-date and clear understanding of procurement processes to perform their respective roles effectively.</p><p>•Analyze gaps in procurement evaluation and identify developmental needs of PA staff to strengthen their procurement competency sustainably through e-learning.<br />•Oversee management of WOG &amp; PA procurement systems, guide and monitor Divisions on the proper use of systems for their procurement operations.<br />•Design, build and enhance systems by leveraging on technology to digitalize and automate processes with more streamlined workflows to make procurement more efficient.</p><p></p><p>Other ad-hoc duties not covered under main responsibilities and duties.<br />• Represent A&amp;P in Working Committees as required.<br />• Serves as PA procurement system Lead/Administrator.<br />• Any other duties assigned under Administration and Procurement Division.</p><p></p><p><strong>",People's Association,Administration Support